"responseId","serverTimestamp","clientTimestamp","surveyVersion","language","consent","eligible","recentMethod","recentMethodOther","mission","missionOther","firstNeed","firstNeedOther","householdSize","items","spend","categories","categoriesOther","expansionPattern","considered","consideredCategory","consideredCategoryOther","stopReason","stopReasonOther","basketStopWhy","basketStopWhyOther","thresholdNoticed","thresholdAction","thresholdActionOther","zeptoWhy","zeptoWhyOther","zeptoCheckoutMoment","altWhy","altWhyOther","consideredZepto","altZeptoGap","receptivity","channelMix","channelMixOther","city","ageBracket","lifeStage","rawJson"
"BS2-acf4dbaff106f3c2c54012ef","23/09/2026 10:40:47","2026-09-23T05:10:45.274Z","2.5","en","TRUE","TRUE","local_store","","stock_up","","","","two","more_than_ten","1000_plus","[""staples_packaged_cooking"",""beauty_personal_wellness"",""household_home_kitchen""]","","[""planned_items"",""removed_items""]","yes","beauty_personal_wellness","","other","To kill the urge to buy unnecessary items.","","","no","","","","","","habit","","no","None","found_pushy","local_bulk","","VISAKHAPATNAM","55_plus","working_partnered","{""responseId"":""BS2-acf4dbaff106f3c2c54012ef"",""clientTimestamp"":""2026-09-23T05:10:45.274Z"",""surveyVersion"":""2.5"",""language"":""en"",""consent"":true,""eligible"":true,""recentMethod"":""local_store"",""recentMethodOther"":"""",""mission"":""stock_up"",""missionOther"":"""",""firstNeed"":"""",""firstNeedOther"":"""",""householdSize"":""two"",""items"":""more_than_ten"",""spend"":""1000_plus"",""categories"":[""staples_packaged_cooking"",""beauty_personal_wellness"",""household_home_kitchen""],""categoriesOther"":"""",""expansionPattern"":[""planned_items"",""removed_items""],""considered"":""yes"",""consideredCategory"":""beauty_personal_wellness"",""consideredCategoryOther"":"""",""stopReason"":""other"",""stopReasonOther"":""To kill the urge to buy unnecessary items."",""basketStopWhy"":"""",""basketStopWhyOther"":"""",""thresholdNoticed"":""no"",""thresholdAction"":"""",""thresholdActionOther"":"""",""zeptoWhy"":"""",""zeptoWhyOther"":"""",""zeptoCheckoutMoment"":"""",""altWhy"":""habit"",""altWhyOther"":"""",""consideredZepto"":""no"",""altZeptoGap"":""None"",""receptivity"":""found_pushy"",""channelMix"":""local_bulk"",""channelMixOther"":"""",""city"":""VISAKHAPATNAM"",""ageBracket"":""55_plus"",""lifeStage"":""working_partnered""}"
"BS2-790e6cb9810fd5ae77efb596","23/09/2026 10:47:04","2026-09-23T05:17:02.384Z","2.5","en","TRUE","TRUE","local_store","","stock_up","","","","two","more_than_ten","1000_plus","[""household_home_kitchen""]","","[""related_search""]","not_sure","","","","","","","no","","","","","","close_convenient","","no","","ignored","no_separate_bulk","","Hyderabad","55_plus","retired_not_working","{""responseId"":""BS2-790e6cb9810fd5ae77efb596"",""clientTimestamp"":""2026-09-23T05:17:02.384Z"",""surveyVersion"":""2.5"",""language"":""en"",""consent"":true,""eligible"":true,""recentMethod"":""local_store"",""recentMethodOther"":"""",""mission"":""stock_up"",""missionOther"":"""",""firstNeed"":"""",""firstNeedOther"":"""",""householdSize"":""two"",""items"":""more_than_ten"",""spend"":""1000_plus"",""categories"":[""household_home_kitchen""],""categoriesOther"":"""",""expansionPattern"":[""related_search""],""considered"":""not_sure"",""consideredCategory"":"""",""consideredCategoryOther"":"""",""stopReason"":"""",""stopReasonOther"":"""",""basketStopWhy"":"""",""basketStopWhyOther"":"""",""thresholdNoticed"":""no"",""thresholdAction"":"""",""thresholdActionOther"":"""",""zeptoWhy"":"""",""zeptoWhyOther"":"""",""zeptoCheckoutMoment"":"""",""altWhy"":""close_convenient"",""altWhyOther"":"""",""consideredZepto"":""no"",""altZeptoGap"":"""",""receptivity"":""ignored"",""channelMix"":""no_separate_bulk"",""channelMixOther"":"""",""city"":""Hyderabad"",""ageBracket"":""55_plus"",""lifeStage"":""retired_not_working""}"
"BS2-ec30bfe09d250299ee8f8c10","23/09/2026 11:02:46","2026-09-23T05:32:48.148Z","2.5","en","TRUE","TRUE","supermarket","","stock_up","","","","three_four","more_than_ten","1000_plus","[""dairy_bread_eggs"",""household_home_kitchen"",""staples_packaged_cooking""]","","[""planned_items"",""unplanned_browse""]","not_sure","","","","","","","no","","","","","","larger_quantity_value","","no","Better price than other stores.","looked_no_add","supermarket_bulk","","Hyderabad","45_54","family_with_children","{""responseId"":""BS2-ec30bfe09d250299ee8f8c10"",""clientTimestamp"":""2026-09-23T05:32:48.148Z"",""surveyVersion"":""2.5"",""language"":""en"",""consent"":true,""eligible"":true,""recentMethod"":""supermarket"",""recentMethodOther"":"""",""mission"":""stock_up"",""missionOther"":"""",""firstNeed"":"""",""firstNeedOther"":"""",""householdSize"":""three_four"",""items"":""more_than_ten"",""spend"":""1000_plus"",""categories"":[""dairy_bread_eggs"",""household_home_kitchen"",""staples_packaged_cooking""],""categoriesOther"":"""",""expansionPattern"":[""planned_items"",""unplanned_browse""],""considered"":""not_sure"",""consideredCategory"":"""",""consideredCategoryOther"":"""",""stopReason"":"""",""stopReasonOther"":"""",""basketStopWhy"":"""",""basketStopWhyOther"":"""",""thresholdNoticed"":""no"",""thresholdAction"":"""",""thresholdActionOther"":"""",""zeptoWhy"":"""",""zeptoWhyOther"":"""",""zeptoCheckoutMoment"":"""",""altWhy"":""larger_quantity_value"",""altWhyOther"":"""",""consideredZepto"":""no"",""altZeptoGap"":""Better price than other stores."",""receptivity"":""looked_no_add"",""channelMix"":""supermarket_bulk"",""channelMixOther"":"""",""city"":""Hyderabad"",""ageBracket"":""45_54"",""lifeStage"":""family_with_children""}"
"BS2-a049c6fa9f1cc9752e548b7d","23/09/2026 11:04:51","2026-09-23T05:34:49.775Z","2.5","en","TRUE","TRUE","supermarket","","offer_led","","household_home_kitchen","","three_four","more_than_ten","1000_plus","[""household_home_kitchen""]","","[""immediate_checkout""]","yes","other","Loose groceries ","quality_concern","","","","no","","","","","","close_convenient","","no","Not used zepto till now","ignored","supermarket_bulk","","Hyderabad","45_54","family_with_children","{""responseId"":""BS2-a049c6fa9f1cc9752e548b7d"",""clientTimestamp"":""2026-09-23T05:34:49.775Z"",""surveyVersion"":""2.5"",""language"":""en"",""consent"":true,""eligible"":true,""recentMethod"":""supermarket"",""recentMethodOther"":"""",""mission"":""offer_led"",""missionOther"":"""",""firstNeed"":""household_home_kitchen"",""firstNeedOther"":"""",""householdSize"":""three_four"",""items"":""more_than_ten"",""spend"":""1000_plus"",""categories"":[""household_home_kitchen""],""categoriesOther"":"""",""expansionPattern"":[""immediate_checkout""],""considered"":""yes"",""consideredCategory"":""other"",""consideredCategoryOther"":""Loose groceries "",""stopReason"":""quality_concern"",""stopReasonOther"":"""",""basketStopWhy"":"""",""basketStopWhyOther"":"""",""thresholdNoticed"":""no"",""thresholdAction"":"""",""thresholdActionOther"":"""",""zeptoWhy"":"""",""zeptoWhyOther"":"""",""zeptoCheckoutMoment"":"""",""altWhy"":""close_convenient"",""altWhyOther"":"""",""consideredZepto"":""no"",""altZeptoGap"":""Not used zepto till now"",""receptivity"":""ignored"",""channelMix"":""supermarket_bulk"",""channelMixOther"":"""",""city"":""Hyderabad"",""ageBracket"":""45_54"",""lifeStage"":""family_with_children""}"
"BS2-37220af28c105baf3170ea50","23/09/2026 11:12:48","2026-09-23T05:42:45.562Z","2.5","en","TRUE","TRUE","blinkit","","urgent","","dairy_bread_eggs","","three_four","four_six","700_999","[""dairy_bread_eggs""]","","[""related_search""]","not_sure","","","","","","","yes","added_useful","","","","","delivery_reliability","","yes","Yes i can switch to zepto","added_item","supermarket_bulk","","Hyderabad","55_plus","retired_not_working","{""responseId"":""BS2-37220af28c105baf3170ea50"",""clientTimestamp"":""2026-09-23T05:42:45.562Z"",""surveyVersion"":""2.5"",""language"":""en"",""consent"":true,""eligible"":true,""recentMethod"":""blinkit"",""recentMethodOther"":"""",""mission"":""urgent"",""missionOther"":"""",""firstNeed"":""dairy_bread_eggs"",""firstNeedOther"":"""",""householdSize"":""three_four"",""items"":""four_six"",""spend"":""700_999"",""categories"":[""dairy_bread_eggs""],""categoriesOther"":"""",""expansionPattern"":[""related_search""],""considered"":""not_sure"",""consideredCategory"":"""",""consideredCategoryOther"":"""",""stopReason"":"""",""stopReasonOther"":"""",""basketStopWhy"":"""",""basketStopWhyOther"":"""",""thresholdNoticed"":""yes"",""thresholdAction"":""added_useful"",""thresholdActionOther"":"""",""zeptoWhy"":"""",""zeptoWhyOther"":"""",""zeptoCheckoutMoment"":"""",""altWhy"":""delivery_reliability"",""altWhyOther"":"""",""consideredZepto"":""yes"",""altZeptoGap"":""Yes i can switch to zepto"",""receptivity"":""added_item"",""channelMix"":""supermarket_bulk"",""channelMixOther"":"""",""city"":""Hyderabad"",""ageBracket"":""55_plus"",""lifeStage"":""retired_not_working""}"
"BS2-8cb4a0bd95b940b196d82603","23/09/2026 11:24:50","2026-09-23T05:54:47.433Z","2.5","en","TRUE","TRUE","blinkit","","urgent","","dairy_bread_eggs","","three_four","four_six","below_200","[""dairy_bread_eggs""]","","[""unplanned_browse""]","no","","","","","","","yes","added_to_unlock","","","","","familiar_app","","not_sure","Try it","ignored","local_bulk","","Srikakulam","45_54","family_with_children","{""responseId"":""BS2-8cb4a0bd95b940b196d82603"",""clientTimestamp"":""2026-09-23T05:54:47.433Z"",""surveyVersion"":""2.5"",""language"":""en"",""consent"":true,""eligible"":true,""recentMethod"":""blinkit"",""recentMethodOther"":"""",""mission"":""urgent"",""missionOther"":"""",""firstNeed"":""dairy_bread_eggs"",""firstNeedOther"":"""",""householdSize"":""three_four"",""items"":""four_six"",""spend"":""below_200"",""categories"":[""dairy_bread_eggs""],""categoriesOther"":"""",""expansionPattern"":[""unplanned_browse""],""considered"":""no"",""consideredCategory"":"""",""consideredCategoryOther"":"""",""stopReason"":"""",""stopReasonOther"":"""",""basketStopWhy"":"""",""basketStopWhyOther"":"""",""thresholdNoticed"":""yes"",""thresholdAction"":""added_to_unlock"",""thresholdActionOther"":"""",""zeptoWhy"":"""",""zeptoWhyOther"":"""",""zeptoCheckoutMoment"":"""",""altWhy"":""familiar_app"",""altWhyOther"":"""",""consideredZepto"":""not_sure"",""altZeptoGap"":""Try it"",""receptivity"":""ignored"",""channelMix"":""local_bulk"",""channelMixOther"":"""",""city"":""Srikakulam"",""ageBracket"":""45_54"",""lifeStage"":""family_with_children""}"
"BS2-8d5ae2d5245f8cecddd75ec1","23/09/2026 11:36:48","2026-09-23T06:06:46.200Z","2.5","en","TRUE","TRUE","amazon_fresh","","regular_reorder","","","","three_four","more_than_ten","1000_plus","[""dairy_bread_eggs"",""staples_packaged_cooking"",""snacks_sweets_beverages""]","","[""planned_items""]","no","","","","","","","yes","added_useful","","","","","larger_quantity_value","","no","Good offers","looked_no_add","different_quick_commerce","","Hyderabad","35_44","family_with_children","{""responseId"":""BS2-8d5ae2d5245f8cecddd75ec1"",""clientTimestamp"":""2026-09-23T06:06:46.200Z"",""surveyVersion"":""2.5"",""language"":""en"",""consent"":true,""eligible"":true,""recentMethod"":""amazon_fresh"",""recentMethodOther"":"""",""mission"":""regular_reorder"",""missionOther"":"""",""firstNeed"":"""",""firstNeedOther"":"""",""householdSize"":""three_four"",""items"":""more_than_ten"",""spend"":""1000_plus"",""categories"":[""dairy_bread_eggs"",""staples_packaged_cooking"",""snacks_sweets_beverages""],""categoriesOther"":"""",""expansionPattern"":[""planned_items""],""considered"":""no"",""consideredCategory"":"""",""consideredCategoryOther"":"""",""stopReason"":"""",""stopReasonOther"":"""",""basketStopWhy"":"""",""basketStopWhyOther"":"""",""thresholdNoticed"":""yes"",""thresholdAction"":""added_useful"",""thresholdActionOther"":"""",""zeptoWhy"":"""",""zeptoWhyOther"":"""",""zeptoCheckoutMoment"":"""",""altWhy"":""larger_quantity_value"",""altWhyOther"":"""",""consideredZepto"":""no"",""altZeptoGap"":""Good offers"",""receptivity"":""looked_no_add"",""channelMix"":""different_quick_commerce"",""channelMixOther"":"""",""city"":""Hyderabad"",""ageBracket"":""35_44"",""lifeStage"":""family_with_children""}"
"BS2-73f09fe205986a4f15ca85ff","23/09/2026 11:36:51","2026-09-23T06:06:49.012Z","2.5","en","TRUE","TRUE","amazon_fresh","","urgent","","dairy_bread_eggs","","two","four_six","below_200","[""dairy_bread_eggs"",""fresh_produce"",""household_home_kitchen""]","","[""planned_items""]","no","","","","","","","yes","added_to_unlock","","","","","close_convenient","","yes","","ignored","supermarket_bulk","","Bangalore","25_34","family_with_children","{""responseId"":""BS2-73f09fe205986a4f15ca85ff"",""clientTimestamp"":""2026-09-23T06:06:49.012Z"",""surveyVersion"":""2.5"",""language"":""en"",""consent"":true,""eligible"":true,""recentMethod"":""amazon_fresh"",""recentMethodOther"":"""",""mission"":""urgent"",""missionOther"":"""",""firstNeed"":""dairy_bread_eggs"",""firstNeedOther"":"""",""householdSize"":""two"",""items"":""four_six"",""spend"":""below_200"",""categories"":[""dairy_bread_eggs"",""fresh_produce"",""household_home_kitchen""],""categoriesOther"":"""",""expansionPattern"":[""planned_items""],""considered"":""no"",""consideredCategory"":"""",""consideredCategoryOther"":"""",""stopReason"":"""",""stopReasonOther"":"""",""basketStopWhy"":"""",""basketStopWhyOther"":"""",""thresholdNoticed"":""yes"",""thresholdAction"":""added_to_unlock"",""thresholdActionOther"":"""",""zeptoWhy"":"""",""zeptoWhyOther"":"""",""zeptoCheckoutMoment"":"""",""altWhy"":""close_convenient"",""altWhyOther"":"""",""consideredZepto"":""yes"",""altZeptoGap"":"""",""receptivity"":""ignored"",""channelMix"":""supermarket_bulk"",""channelMixOther"":"""",""city"":""Bangalore"",""ageBracket"":""25_34"",""lifeStage"":""family_with_children""}"
"BS2-3d63aa572f2979fe7688002a","23/09/2026 11:37:08","2026-09-23T06:07:04.972Z","2.5","en","TRUE","TRUE","amazon_fresh","","stock_up","","","","three_four","four_six","400_699","[""fresh_produce"",""dairy_bread_eggs"",""staples_packaged_cooking""]","","[""planned_items"",""threshold_add"",""removed_items""]","not_sure","","","","","","","not_sure","","","","","","availability","","no","Good offers","added_item","local_bulk","","Hyderabad","45_54","family_with_children","{""responseId"":""BS2-3d63aa572f2979fe7688002a"",""clientTimestamp"":""2026-09-23T06:07:04.972Z"",""surveyVersion"":""2.5"",""language"":""en"",""consent"":true,""eligible"":true,""recentMethod"":""amazon_fresh"",""recentMethodOther"":"""",""mission"":""stock_up"",""missionOther"":"""",""firstNeed"":"""",""firstNeedOther"":"""",""householdSize"":""three_four"",""items"":""four_six"",""spend"":""400_699"",""categories"":[""fresh_produce"",""dairy_bread_eggs"",""staples_packaged_cooking""],""categoriesOther"":"""",""expansionPattern"":[""planned_items"",""threshold_add"",""removed_items""],""considered"":""not_sure"",""consideredCategory"":"""",""consideredCategoryOther"":"""",""stopReason"":"""",""stopReasonOther"":"""",""basketStopWhy"":"""",""basketStopWhyOther"":"""",""thresholdNoticed"":""not_sure"",""thresholdAction"":"""",""thresholdActionOther"":"""",""zeptoWhy"":"""",""zeptoWhyOther"":"""",""zeptoCheckoutMoment"":"""",""altWhy"":""availability"",""altWhyOther"":"""",""consideredZepto"":""no"",""altZeptoGap"":""Good offers"",""receptivity"":""added_item"",""channelMix"":""local_bulk"",""channelMixOther"":"""",""city"":""Hyderabad"",""ageBracket"":""45_54"",""lifeStage"":""family_with_children""}"
"BS2-8ca69f66f256e40ba6defd71","23/09/2026 11:45:54","2026-09-23T06:15:39.324Z","2.5","en","TRUE","TRUE","zepto","","ran_out","","dairy_bread_eggs","","prefer_not","two_three","prefer_not","[""dairy_bread_eggs""]","","[""do_not_remember""]","no","","","","","","","yes","no_change","","other","nearest godown","received a call ","","","","","found_pushy","supermarket_bulk","","silicon valley of india","prefer_not","prefer_not","{""responseId"":""BS2-8ca69f66f256e40ba6defd71"",""clientTimestamp"":""2026-09-23T06:15:39.324Z"",""surveyVersion"":""2.5"",""language"":""en"",""consent"":true,""eligible"":true,""recentMethod"":""zepto"",""recentMethodOther"":"""",""mission"":""ran_out"",""missionOther"":"""",""firstNeed"":""dairy_bread_eggs"",""firstNeedOther"":"""",""householdSize"":""prefer_not"",""items"":""two_three"",""spend"":""prefer_not"",""categories"":[""dairy_bread_eggs""],""categoriesOther"":"""",""expansionPattern"":[""do_not_remember""],""considered"":""no"",""consideredCategory"":"""",""consideredCategoryOther"":"""",""stopReason"":"""",""stopReasonOther"":"""",""basketStopWhy"":"""",""basketStopWhyOther"":"""",""thresholdNoticed"":""yes"",""thresholdAction"":""no_change"",""thresholdActionOther"":"""",""zeptoWhy"":""other"",""zeptoWhyOther"":""nearest godown"",""zeptoCheckoutMoment"":""received a call "",""altWhy"":"""",""altWhyOther"":"""",""consideredZepto"":"""",""altZeptoGap"":"""",""receptivity"":""found_pushy"",""channelMix"":""supermarket_bulk"",""channelMixOther"":"""",""city"":""silicon valley of india"",""ageBracket"":""prefer_not"",""lifeStage"":""prefer_not""}"
"BS2-8c0463e1e2a5fdfb05c6116d","23/09/2026 11:54:35","2026-09-23T06:24:31.769Z","2.5","en","TRUE","TRUE","amazon_fresh","","offer_led","","dairy_bread_eggs","","five_plus","seven_ten","400_699","[""dairy_bread_eggs"",""fresh_produce"",""snacks_sweets_beverages""]","","[""planned_items"",""unplanned_browse"",""related_search"",""threshold_add""]","yes","prepared_food_cafe","","buy_elsewhere","","","","yes","added_to_unlock","","","","","close_convenient","","not_sure","","ignored","supermarket_bulk","","Bengaluru","25_34","family_with_children","{""responseId"":""BS2-8c0463e1e2a5fdfb05c6116d"",""clientTimestamp"":""2026-09-23T06:24:31.769Z"",""surveyVersion"":""2.5"",""language"":""en"",""consent"":true,""eligible"":true,""recentMethod"":""amazon_fresh"",""recentMethodOther"":"""",""mission"":""offer_led"",""missionOther"":"""",""firstNeed"":""dairy_bread_eggs"",""firstNeedOther"":"""",""householdSize"":""five_plus"",""items"":""seven_ten"",""spend"":""400_699"",""categories"":[""dairy_bread_eggs"",""fresh_produce"",""snacks_sweets_beverages""],""categoriesOther"":"""",""expansionPattern"":[""planned_items"",""unplanned_browse"",""related_search"",""threshold_add""],""considered"":""yes"",""consideredCategory"":""prepared_food_cafe"",""consideredCategoryOther"":"""",""stopReason"":""buy_elsewhere"",""stopReasonOther"":"""",""basketStopWhy"":"""",""basketStopWhyOther"":"""",""thresholdNoticed"":""yes"",""thresholdAction"":""added_to_unlock"",""thresholdActionOther"":"""",""zeptoWhy"":"""",""zeptoWhyOther"":"""",""zeptoCheckoutMoment"":"""",""altWhy"":""close_convenient"",""altWhyOther"":"""",""consideredZepto"":""not_sure"",""altZeptoGap"":"""",""receptivity"":""ignored"",""channelMix"":""supermarket_bulk"",""channelMixOther"":"""",""city"":""Bengaluru"",""ageBracket"":""25_34"",""lifeStage"":""family_with_children""}"
"BS2-56f8776d648b94d69d340ef6","23/09/2026 11:55:57","2026-09-23T06:25:55.193Z","2.5","en","TRUE","TRUE","bigbasket","","planned_top_up","","staples_packaged_cooking","","three_four","more_than_ten","1000_plus","[""staples_packaged_cooking"",""fresh_produce"",""dairy_bread_eggs"",""snacks_sweets_beverages""]","","[""planned_items"",""unplanned_browse"",""related_search"",""threshold_add""]","no","","","","","","","yes","added_useful","","","","","larger_quantity_value","","not_sure","Choice","added_item","supermarket_bulk","","Hyd","55_plus","family_with_children","{""responseId"":""BS2-56f8776d648b94d69d340ef6"",""clientTimestamp"":""2026-09-23T06:25:55.193Z"",""surveyVersion"":""2.5"",""language"":""en"",""consent"":true,""eligible"":true,""recentMethod"":""bigbasket"",""recentMethodOther"":"""",""mission"":""planned_top_up"",""missionOther"":"""",""firstNeed"":""staples_packaged_cooking"",""firstNeedOther"":"""",""householdSize"":""three_four"",""items"":""more_than_ten"",""spend"":""1000_plus"",""categories"":[""staples_packaged_cooking"",""fresh_produce"",""dairy_bread_eggs"",""snacks_sweets_beverages""],""categoriesOther"":"""",""expansionPattern"":[""planned_items"",""unplanned_browse"",""related_search"",""threshold_add""],""considered"":""no"",""consideredCategory"":"""",""consideredCategoryOther"":"""",""stopReason"":"""",""stopReasonOther"":"""",""basketStopWhy"":"""",""basketStopWhyOther"":"""",""thresholdNoticed"":""yes"",""thresholdAction"":""added_useful"",""thresholdActionOther"":"""",""zeptoWhy"":"""",""zeptoWhyOther"":"""",""zeptoCheckoutMoment"":"""",""altWhy"":""larger_quantity_value"",""altWhyOther"":"""",""consideredZepto"":""not_sure"",""altZeptoGap"":""Choice"",""receptivity"":""added_item"",""channelMix"":""supermarket_bulk"",""channelMixOther"":"""",""city"":""Hyd"",""ageBracket"":""55_plus"",""lifeStage"":""family_with_children""}"
"BS2-d340c69336f23629edd91108","23/09/2026 11:57:01","2026-09-23T06:26:56.736Z","2.5","en","TRUE","TRUE","bigbasket","","stock_up","","","","three_four","more_than_ten","1000_plus","[""fresh_produce"",""staples_packaged_cooking"",""household_home_kitchen""]","","[""related_search"",""planned_items""]","no","","","","","","","yes","paid_fee","","","","","larger_quantity_value","","no","Not confident about bulk orders","added_item","same_app","","Bangalore","35_44","family_with_children","{""responseId"":""BS2-d340c69336f23629edd91108"",""clientTimestamp"":""2026-09-23T06:26:56.736Z"",""surveyVersion"":""2.5"",""language"":""en"",""consent"":true,""eligible"":true,""recentMethod"":""bigbasket"",""recentMethodOther"":"""",""mission"":""stock_up"",""missionOther"":"""",""firstNeed"":"""",""firstNeedOther"":"""",""householdSize"":""three_four"",""items"":""more_than_ten"",""spend"":""1000_plus"",""categories"":[""fresh_produce"",""staples_packaged_cooking"",""household_home_kitchen""],""categoriesOther"":"""",""expansionPattern"":[""related_search"",""planned_items""],""considered"":""no"",""consideredCategory"":"""",""consideredCategoryOther"":"""",""stopReason"":"""",""stopReasonOther"":"""",""basketStopWhy"":"""",""basketStopWhyOther"":"""",""thresholdNoticed"":""yes"",""thresholdAction"":""paid_fee"",""thresholdActionOther"":"""",""zeptoWhy"":"""",""zeptoWhyOther"":"""",""zeptoCheckoutMoment"":"""",""altWhy"":""larger_quantity_value"",""altWhyOther"":"""",""consideredZepto"":""no"",""altZeptoGap"":""Not confident about bulk orders"",""receptivity"":""added_item"",""channelMix"":""same_app"",""channelMixOther"":"""",""city"":""Bangalore"",""ageBracket"":""35_44"",""lifeStage"":""family_with_children""}"
"BS2-6da63c50edfecf992b41a20d","23/09/2026 12:11:10","2026-09-23T06:41:07.824Z","2.5","en","TRUE","TRUE","blinkit","","urgent","","staples_packaged_cooking","","one","four_six","400_699","[""staples_packaged_cooking"",""snacks_sweets_beverages"",""dairy_bread_eggs"",""fresh_produce""]","","[""unplanned_browse"",""planned_items""]","yes","snacks_sweets_beverages","","need_complete","","","","yes","added_to_unlock","","","","","delivery_reliability","","no","","added_item","no_separate_bulk","","","25_34","prefer_not","{""responseId"":""BS2-6da63c50edfecf992b41a20d"",""clientTimestamp"":""2026-09-23T06:41:07.824Z"",""surveyVersion"":""2.5"",""language"":""en"",""consent"":true,""eligible"":true,""recentMethod"":""blinkit"",""recentMethodOther"":"""",""mission"":""urgent"",""missionOther"":"""",""firstNeed"":""staples_packaged_cooking"",""firstNeedOther"":"""",""householdSize"":""one"",""items"":""four_six"",""spend"":""400_699"",""categories"":[""staples_packaged_cooking"",""snacks_sweets_beverages"",""dairy_bread_eggs"",""fresh_produce""],""categoriesOther"":"""",""expansionPattern"":[""unplanned_browse"",""planned_items""],""considered"":""yes"",""consideredCategory"":""snacks_sweets_beverages"",""consideredCategoryOther"":"""",""stopReason"":""need_complete"",""stopReasonOther"":"""",""basketStopWhy"":"""",""basketStopWhyOther"":"""",""thresholdNoticed"":""yes"",""thresholdAction"":""added_to_unlock"",""thresholdActionOther"":"""",""zeptoWhy"":"""",""zeptoWhyOther"":"""",""zeptoCheckoutMoment"":"""",""altWhy"":""delivery_reliability"",""altWhyOther"":"""",""consideredZepto"":""no"",""altZeptoGap"":"""",""receptivity"":""added_item"",""channelMix"":""no_separate_bulk"",""channelMixOther"":"""",""city"":"""",""ageBracket"":""25_34"",""lifeStage"":""prefer_not""}"
"BS2-ccdc7f1ed0f9da9338fb0e49","23/09/2026 12:28:35","2026-09-23T06:58:29.901Z","2.5","te","TRUE","TRUE","local_store","","stock_up","","","","five_plus","more_than_ten","1000_plus","[""staples_packaged_cooking"",""fresh_produce"",""dairy_bread_eggs""]","","[""threshold_add""]","yes","staples_packaged_cooking","","need_complete","","","","not_sure","","","","","","larger_quantity_value","","not_sure","నీడ్","added_item","no_separate_bulk","","శ్రీకాకుళం","55_plus","family_with_children","{""responseId"":""BS2-ccdc7f1ed0f9da9338fb0e49"",""clientTimestamp"":""2026-09-23T06:58:29.901Z"",""surveyVersion"":""2.5"",""language"":""te"",""consent"":true,""eligible"":true,""recentMethod"":""local_store"",""recentMethodOther"":"""",""mission"":""stock_up"",""missionOther"":"""",""firstNeed"":"""",""firstNeedOther"":"""",""householdSize"":""five_plus"",""items"":""more_than_ten"",""spend"":""1000_plus"",""categories"":[""staples_packaged_cooking"",""fresh_produce"",""dairy_bread_eggs""],""categoriesOther"":"""",""expansionPattern"":[""threshold_add""],""considered"":""yes"",""consideredCategory"":""staples_packaged_cooking"",""consideredCategoryOther"":"""",""stopReason"":""need_complete"",""stopReasonOther"":"""",""basketStopWhy"":"""",""basketStopWhyOther"":"""",""thresholdNoticed"":""not_sure"",""thresholdAction"":"""",""thresholdActionOther"":"""",""zeptoWhy"":"""",""zeptoWhyOther"":"""",""zeptoCheckoutMoment"":"""",""altWhy"":""larger_quantity_value"",""altWhyOther"":"""",""consideredZepto"":""not_sure"",""altZeptoGap"":""నీడ్"",""receptivity"":""added_item"",""channelMix"":""no_separate_bulk"",""channelMixOther"":"""",""city"":""శ్రీకాకుళం"",""ageBracket"":""55_plus"",""lifeStage"":""family_with_children""}"
"BS2-96ec8d18b08b821b44ffd4ad","23/09/2026 13:01:30","2026-09-23T07:31:26.867Z","2.5","en","TRUE","TRUE","instamart","","urgent","","staples_packaged_cooking","","three_four","four_six","400_699","[""staples_packaged_cooking""]","","[""threshold_add""]","no","","","","","","","yes","added_to_unlock","","","","","delivery_reliability","","no","","looked_no_add","supermarket_bulk","","","25_34","working_partnered","{""responseId"":""BS2-96ec8d18b08b821b44ffd4ad"",""clientTimestamp"":""2026-09-23T07:31:26.867Z"",""surveyVersion"":""2.5"",""language"":""en"",""consent"":true,""eligible"":true,""recentMethod"":""instamart"",""recentMethodOther"":"""",""mission"":""urgent"",""missionOther"":"""",""firstNeed"":""staples_packaged_cooking"",""firstNeedOther"":"""",""householdSize"":""three_four"",""items"":""four_six"",""spend"":""400_699"",""categories"":[""staples_packaged_cooking""],""categoriesOther"":"""",""expansionPattern"":[""threshold_add""],""considered"":""no"",""consideredCategory"":"""",""consideredCategoryOther"":"""",""stopReason"":"""",""stopReasonOther"":"""",""basketStopWhy"":"""",""basketStopWhyOther"":"""",""thresholdNoticed"":""yes"",""thresholdAction"":""added_to_unlock"",""thresholdActionOther"":"""",""zeptoWhy"":"""",""zeptoWhyOther"":"""",""zeptoCheckoutMoment"":"""",""altWhy"":""delivery_reliability"",""altWhyOther"":"""",""consideredZepto"":""no"",""altZeptoGap"":"""",""receptivity"":""looked_no_add"",""channelMix"":""supermarket_bulk"",""channelMixOther"":"""",""city"":"""",""ageBracket"":""25_34"",""lifeStage"":""working_partnered""}"
"BS2-b847599378b8d3b2d35557bf","23/09/2026 13:56:50","2026-09-23T08:26:47.211Z","2.5","en","TRUE","TRUE","supermarket","","stock_up","","","","three_four","more_than_ten","1000_plus","[""household_home_kitchen"",""staples_packaged_cooking""]","","[""related_search""]","yes","dairy_bread_eggs","","buy_later","","","","yes","added_useful","","","","","larger_quantity_value","","yes","Dmart offers lesser prices for few items","ignored","supermarket_bulk","","Hyderabad","25_34","family_with_children","{""responseId"":""BS2-b847599378b8d3b2d35557bf"",""clientTimestamp"":""2026-09-23T08:26:47.211Z"",""surveyVersion"":""2.5"",""language"":""en"",""consent"":true,""eligible"":true,""recentMethod"":""supermarket"",""recentMethodOther"":"""",""mission"":""stock_up"",""missionOther"":"""",""firstNeed"":"""",""firstNeedOther"":"""",""householdSize"":""three_four"",""items"":""more_than_ten"",""spend"":""1000_plus"",""categories"":[""household_home_kitchen"",""staples_packaged_cooking""],""categoriesOther"":"""",""expansionPattern"":[""related_search""],""considered"":""yes"",""consideredCategory"":""dairy_bread_eggs"",""consideredCategoryOther"":"""",""stopReason"":""buy_later"",""stopReasonOther"":"""",""basketStopWhy"":"""",""basketStopWhyOther"":"""",""thresholdNoticed"":""yes"",""thresholdAction"":""added_useful"",""thresholdActionOther"":"""",""zeptoWhy"":"""",""zeptoWhyOther"":"""",""zeptoCheckoutMoment"":"""",""altWhy"":""larger_quantity_value"",""altWhyOther"":"""",""consideredZepto"":""yes"",""altZeptoGap"":""Dmart offers lesser prices for few items"",""receptivity"":""ignored"",""channelMix"":""supermarket_bulk"",""channelMixOther"":"""",""city"":""Hyderabad"",""ageBracket"":""25_34"",""lifeStage"":""family_with_children""}"
"BS2-53104984a5c5fc9ffddeb45f","23/09/2026 14:43:05","2026-09-23T09:13:02.417Z","2.5","en","TRUE","TRUE","instamart","","urgent","","fresh_produce","","one","four_six","200_399","[""fresh_produce"",""meat_seafood_frozen""]","","[""planned_items"",""unplanned_browse"",""related_search"",""threshold_add"",""removed_items"",""immediate_checkout""]","yes","staples_packaged_cooking","","need_complete","","","","yes","waited","","","","","delivery_reliability","","yes","","ignored","supermarket_bulk","","Hyderabad","25_34","working_alone","{""responseId"":""BS2-53104984a5c5fc9ffddeb45f"",""clientTimestamp"":""2026-09-23T09:13:02.417Z"",""surveyVersion"":""2.5"",""language"":""en"",""consent"":true,""eligible"":true,""recentMethod"":""instamart"",""recentMethodOther"":"""",""mission"":""urgent"",""missionOther"":"""",""firstNeed"":""fresh_produce"",""firstNeedOther"":"""",""householdSize"":""one"",""items"":""four_six"",""spend"":""200_399"",""categories"":[""fresh_produce"",""meat_seafood_frozen""],""categoriesOther"":"""",""expansionPattern"":[""planned_items"",""unplanned_browse"",""related_search"",""threshold_add"",""removed_items"",""immediate_checkout""],""considered"":""yes"",""consideredCategory"":""staples_packaged_cooking"",""consideredCategoryOther"":"""",""stopReason"":""need_complete"",""stopReasonOther"":"""",""basketStopWhy"":"""",""basketStopWhyOther"":"""",""thresholdNoticed"":""yes"",""thresholdAction"":""waited"",""thresholdActionOther"":"""",""zeptoWhy"":"""",""zeptoWhyOther"":"""",""zeptoCheckoutMoment"":"""",""altWhy"":""delivery_reliability"",""altWhyOther"":"""",""consideredZepto"":""yes"",""altZeptoGap"":"""",""receptivity"":""ignored"",""channelMix"":""supermarket_bulk"",""channelMixOther"":"""",""city"":""Hyderabad"",""ageBracket"":""25_34"",""lifeStage"":""working_alone""}"
"BS2-f4624b5dadff08149a93189c","23/09/2026 15:16:15","2026-09-23T09:46:11.885Z","2.5","en","TRUE","TRUE","local_store","","urgent","","household_home_kitchen","","three_four","more_than_ten","1000_plus","[""household_home_kitchen""]","","[""unplanned_browse""]","no","","","","","","","not_sure","","","","","","quality_freshness","","no","","ignored","no_separate_bulk","","Hyderabad","55_plus","prefer_not","{""responseId"":""BS2-f4624b5dadff08149a93189c"",""clientTimestamp"":""2026-09-23T09:46:11.885Z"",""surveyVersion"":""2.5"",""language"":""en"",""consent"":true,""eligible"":true,""recentMethod"":""local_store"",""recentMethodOther"":"""",""mission"":""urgent"",""missionOther"":"""",""firstNeed"":""household_home_kitchen"",""firstNeedOther"":"""",""householdSize"":""three_four"",""items"":""more_than_ten"",""spend"":""1000_plus"",""categories"":[""household_home_kitchen""],""categoriesOther"":"""",""expansionPattern"":[""unplanned_browse""],""considered"":""no"",""consideredCategory"":"""",""consideredCategoryOther"":"""",""stopReason"":"""",""stopReasonOther"":"""",""basketStopWhy"":"""",""basketStopWhyOther"":"""",""thresholdNoticed"":""not_sure"",""thresholdAction"":"""",""thresholdActionOther"":"""",""zeptoWhy"":"""",""zeptoWhyOther"":"""",""zeptoCheckoutMoment"":"""",""altWhy"":""quality_freshness"",""altWhyOther"":"""",""consideredZepto"":""no"",""altZeptoGap"":"""",""receptivity"":""ignored"",""channelMix"":""no_separate_bulk"",""channelMixOther"":"""",""city"":""Hyderabad"",""ageBracket"":""55_plus"",""lifeStage"":""prefer_not""}"
"BS2-cea80b4e2f8773886f282db6","23/09/2026 15:27:09","2026-09-23T09:57:07.124Z","2.5","en","TRUE","TRUE","instamart","","urgent","","dairy_bread_eggs","","three_four","four_six","700_999","[""dairy_bread_eggs""]","","[""planned_items""]","yes","fresh_produce","","need_complete","","","","yes","larger_pack","","","","","delivery_reliability","","yes","","added_item","same_app","","","25_34","working_alone","{""responseId"":""BS2-cea80b4e2f8773886f282db6"",""clientTimestamp"":""2026-09-23T09:57:07.124Z"",""surveyVersion"":""2.5"",""language"":""en"",""consent"":true,""eligible"":true,""recentMethod"":""instamart"",""recentMethodOther"":"""",""mission"":""urgent"",""missionOther"":"""",""firstNeed"":""dairy_bread_eggs"",""firstNeedOther"":"""",""householdSize"":""three_four"",""items"":""four_six"",""spend"":""700_999"",""categories"":[""dairy_bread_eggs""],""categoriesOther"":"""",""expansionPattern"":[""planned_items""],""considered"":""yes"",""consideredCategory"":""fresh_produce"",""consideredCategoryOther"":"""",""stopReason"":""need_complete"",""stopReasonOther"":"""",""basketStopWhy"":"""",""basketStopWhyOther"":"""",""thresholdNoticed"":""yes"",""thresholdAction"":""larger_pack"",""thresholdActionOther"":"""",""zeptoWhy"":"""",""zeptoWhyOther"":"""",""zeptoCheckoutMoment"":"""",""altWhy"":""delivery_reliability"",""altWhyOther"":"""",""consideredZepto"":""yes"",""altZeptoGap"":"""",""receptivity"":""added_item"",""channelMix"":""same_app"",""channelMixOther"":"""",""city"":"""",""ageBracket"":""25_34"",""lifeStage"":""working_alone""}"
"BS2-9016b9a3618ccbc1ea8e5d52","23/09/2026 15:29:47","2026-09-23T09:59:44.396Z","2.5","en","TRUE","TRUE","subscription","","regular_reorder","","","","three_four","four_six","200_399","[""dairy_bread_eggs"",""staples_packaged_cooking"",""household_home_kitchen""]","","[""planned_items"",""related_search""]","no","","","","","","","no","","","","","","close_convenient","","no","Fast and less price","ignored","no_separate_bulk","","Hyderabad","35_44","family_with_children","{""responseId"":""BS2-9016b9a3618ccbc1ea8e5d52"",""clientTimestamp"":""2026-09-23T09:59:44.396Z"",""surveyVersion"":""2.5"",""language"":""en"",""consent"":true,""eligible"":true,""recentMethod"":""subscription"",""recentMethodOther"":"""",""mission"":""regular_reorder"",""missionOther"":"""",""firstNeed"":"""",""firstNeedOther"":"""",""householdSize"":""three_four"",""items"":""four_six"",""spend"":""200_399"",""categories"":[""dairy_bread_eggs"",""staples_packaged_cooking"",""household_home_kitchen""],""categoriesOther"":"""",""expansionPattern"":[""planned_items"",""related_search""],""considered"":""no"",""consideredCategory"":"""",""consideredCategoryOther"":"""",""stopReason"":"""",""stopReasonOther"":"""",""basketStopWhy"":"""",""basketStopWhyOther"":"""",""thresholdNoticed"":""no"",""thresholdAction"":"""",""thresholdActionOther"":"""",""zeptoWhy"":"""",""zeptoWhyOther"":"""",""zeptoCheckoutMoment"":"""",""altWhy"":""close_convenient"",""altWhyOther"":"""",""consideredZepto"":""no"",""altZeptoGap"":""Fast and less price"",""receptivity"":""ignored"",""channelMix"":""no_separate_bulk"",""channelMixOther"":"""",""city"":""Hyderabad"",""ageBracket"":""35_44"",""lifeStage"":""family_with_children""}"
"BS2-951839d7f822439d89a05b1a","23/09/2026 15:31:53","2026-09-23T10:01:51.099Z","2.5","en","TRUE","TRUE","supermarket","","stock_up","","","","five_plus","seven_ten","400_699","[""fresh_produce"",""household_home_kitchen"",""dairy_bread_eggs""]","","[""unplanned_browse""]","not_sure","","","","","","","yes","removed_or_abandoned","","","","","no_fast_delivery_need","","not_sure","Very needy time ordering site","not_sure","supermarket_bulk","","Secunderabad","35_44","family_with_children","{""responseId"":""BS2-951839d7f822439d89a05b1a"",""clientTimestamp"":""2026-09-23T10:01:51.099Z"",""surveyVersion"":""2.5"",""language"":""en"",""consent"":true,""eligible"":true,""recentMethod"":""supermarket"",""recentMethodOther"":"""",""mission"":""stock_up"",""missionOther"":"""",""firstNeed"":"""",""firstNeedOther"":"""",""householdSize"":""five_plus"",""items"":""seven_ten"",""spend"":""400_699"",""categories"":[""fresh_produce"",""household_home_kitchen"",""dairy_bread_eggs""],""categoriesOther"":"""",""expansionPattern"":[""unplanned_browse""],""considered"":""not_sure"",""consideredCategory"":"""",""consideredCategoryOther"":"""",""stopReason"":"""",""stopReasonOther"":"""",""basketStopWhy"":"""",""basketStopWhyOther"":"""",""thresholdNoticed"":""yes"",""thresholdAction"":""removed_or_abandoned"",""thresholdActionOther"":"""",""zeptoWhy"":"""",""zeptoWhyOther"":"""",""zeptoCheckoutMoment"":"""",""altWhy"":""no_fast_delivery_need"",""altWhyOther"":"""",""consideredZepto"":""not_sure"",""altZeptoGap"":""Very needy time ordering site"",""receptivity"":""not_sure"",""channelMix"":""supermarket_bulk"",""channelMixOther"":"""",""city"":""Secunderabad"",""ageBracket"":""35_44"",""lifeStage"":""family_with_children""}"
"BS2-d0d6bd9e2f5d6b1435fcf3e1","23/09/2026 15:37:47","2026-09-23T10:07:41.603Z","2.5","en","TRUE","TRUE","blinkit","","urgent","","dairy_bread_eggs","","two","four_six","below_200","[""dairy_bread_eggs""]","","[""planned_items""]","not_sure","","","","","","","no","","","","","","delivery_reliability","","not_sure","","looked_no_add","no_separate_bulk","","Visakhapatnam","55_plus","prefer_not","{""responseId"":""BS2-d0d6bd9e2f5d6b1435fcf3e1"",""clientTimestamp"":""2026-09-23T10:07:41.603Z"",""surveyVersion"":""2.5"",""language"":""en"",""consent"":true,""eligible"":true,""recentMethod"":""blinkit"",""recentMethodOther"":"""",""mission"":""urgent"",""missionOther"":"""",""firstNeed"":""dairy_bread_eggs"",""firstNeedOther"":"""",""householdSize"":""two"",""items"":""four_six"",""spend"":""below_200"",""categories"":[""dairy_bread_eggs""],""categoriesOther"":"""",""expansionPattern"":[""planned_items""],""considered"":""not_sure"",""consideredCategory"":"""",""consideredCategoryOther"":"""",""stopReason"":"""",""stopReasonOther"":"""",""basketStopWhy"":"""",""basketStopWhyOther"":"""",""thresholdNoticed"":""no"",""thresholdAction"":"""",""thresholdActionOther"":"""",""zeptoWhy"":"""",""zeptoWhyOther"":"""",""zeptoCheckoutMoment"":"""",""altWhy"":""delivery_reliability"",""altWhyOther"":"""",""consideredZepto"":""not_sure"",""altZeptoGap"":"""",""receptivity"":""looked_no_add"",""channelMix"":""no_separate_bulk"",""channelMixOther"":"""",""city"":""Visakhapatnam"",""ageBracket"":""55_plus"",""lifeStage"":""prefer_not""}"
"BS2-e28c2710cb7e5853d47b7b6f","23/09/2026 15:38:39","2026-09-23T10:08:34.114Z","2.5","en","TRUE","TRUE","local_store","","ran_out","","fresh_produce","","three_four","more_than_ten","1000_plus","[""fresh_produce"",""dairy_bread_eggs"",""household_home_kitchen""]","","[""planned_items"",""unplanned_browse""]","not_sure","","","","","","","not_sure","","","","","","larger_quantity_value","","no","","added_item","local_bulk","","Visakhapatnam","25_34","family_with_children","{""responseId"":""BS2-e28c2710cb7e5853d47b7b6f"",""clientTimestamp"":""2026-09-23T10:08:34.114Z"",""surveyVersion"":""2.5"",""language"":""en"",""consent"":true,""eligible"":true,""recentMethod"":""local_store"",""recentMethodOther"":"""",""mission"":""ran_out"",""missionOther"":"""",""firstNeed"":""fresh_produce"",""firstNeedOther"":"""",""householdSize"":""three_four"",""items"":""more_than_ten"",""spend"":""1000_plus"",""categories"":[""fresh_produce"",""dairy_bread_eggs"",""household_home_kitchen""],""categoriesOther"":"""",""expansionPattern"":[""planned_items"",""unplanned_browse""],""considered"":""not_sure"",""consideredCategory"":"""",""consideredCategoryOther"":"""",""stopReason"":"""",""stopReasonOther"":"""",""basketStopWhy"":"""",""basketStopWhyOther"":"""",""thresholdNoticed"":""not_sure"",""thresholdAction"":"""",""thresholdActionOther"":"""",""zeptoWhy"":"""",""zeptoWhyOther"":"""",""zeptoCheckoutMoment"":"""",""altWhy"":""larger_quantity_value"",""altWhyOther"":"""",""consideredZepto"":""no"",""altZeptoGap"":"""",""receptivity"":""added_item"",""channelMix"":""local_bulk"",""channelMixOther"":"""",""city"":""Visakhapatnam"",""ageBracket"":""25_34"",""lifeStage"":""family_with_children""}"
"BS2-31b605bda9199518b10b60ab","23/09/2026 15:40:13","2026-09-23T10:10:10.717Z","2.5","en","TRUE","TRUE","blinkit","","urgent","","dairy_bread_eggs","","three_four","more_than_ten","1000_plus","[""dairy_bread_eggs"",""fresh_produce"",""beauty_personal_wellness""]","","[""unplanned_browse""]","yes","household_home_kitchen","","too_expensive","","","","yes","added_to_unlock","","","","","delivery_reliability","","no","Got used to Blinkit with faster delivery within 8 mins","ignored","same_app","","Vizag","25_34","family_with_children","{""responseId"":""BS2-31b605bda9199518b10b60ab"",""clientTimestamp"":""2026-09-23T10:10:10.717Z"",""surveyVersion"":""2.5"",""language"":""en"",""consent"":true,""eligible"":true,""recentMethod"":""blinkit"",""recentMethodOther"":"""",""mission"":""urgent"",""missionOther"":"""",""firstNeed"":""dairy_bread_eggs"",""firstNeedOther"":"""",""householdSize"":""three_four"",""items"":""more_than_ten"",""spend"":""1000_plus"",""categories"":[""dairy_bread_eggs"",""fresh_produce"",""beauty_personal_wellness""],""categoriesOther"":"""",""expansionPattern"":[""unplanned_browse""],""considered"":""yes"",""consideredCategory"":""household_home_kitchen"",""consideredCategoryOther"":"""",""stopReason"":""too_expensive"",""stopReasonOther"":"""",""basketStopWhy"":"""",""basketStopWhyOther"":"""",""thresholdNoticed"":""yes"",""thresholdAction"":""added_to_unlock"",""thresholdActionOther"":"""",""zeptoWhy"":"""",""zeptoWhyOther"":"""",""zeptoCheckoutMoment"":"""",""altWhy"":""delivery_reliability"",""altWhyOther"":"""",""consideredZepto"":""no"",""altZeptoGap"":""Got used to Blinkit with faster delivery within 8 mins"",""receptivity"":""ignored"",""channelMix"":""same_app"",""channelMixOther"":"""",""city"":""Vizag"",""ageBracket"":""25_34"",""lifeStage"":""family_with_children""}"
"BS2-108a010443d56b91436c5ee2","23/09/2026 15:44:06","2026-09-23T10:14:03.034Z","2.5","en","TRUE","TRUE","bulk_purchase","","planned_top_up","","household_home_kitchen","","two","more_than_ten","prefer_not","[""household_home_kitchen""]","","[""do_not_remember""]","no","","","","","","","no","","","","","","larger_quantity_value","","no","","looked_no_add","local_bulk","","VISAKHAPATNAM","45_54","working_partnered","{""responseId"":""BS2-108a010443d56b91436c5ee2"",""clientTimestamp"":""2026-09-23T10:14:03.034Z"",""surveyVersion"":""2.5"",""language"":""en"",""consent"":true,""eligible"":true,""recentMethod"":""bulk_purchase"",""recentMethodOther"":"""",""mission"":""planned_top_up"",""missionOther"":"""",""firstNeed"":""household_home_kitchen"",""firstNeedOther"":"""",""householdSize"":""two"",""items"":""more_than_ten"",""spend"":""prefer_not"",""categories"":[""household_home_kitchen""],""categoriesOther"":"""",""expansionPattern"":[""do_not_remember""],""considered"":""no"",""consideredCategory"":"""",""consideredCategoryOther"":"""",""stopReason"":"""",""stopReasonOther"":"""",""basketStopWhy"":"""",""basketStopWhyOther"":"""",""thresholdNoticed"":""no"",""thresholdAction"":"""",""thresholdActionOther"":"""",""zeptoWhy"":"""",""zeptoWhyOther"":"""",""zeptoCheckoutMoment"":"""",""altWhy"":""larger_quantity_value"",""altWhyOther"":"""",""consideredZepto"":""no"",""altZeptoGap"":"""",""receptivity"":""looked_no_add"",""channelMix"":""local_bulk"",""channelMixOther"":"""",""city"":""VISAKHAPATNAM"",""ageBracket"":""45_54"",""lifeStage"":""working_partnered""}"
"BS2-09f6f3dd99c1153d440c0104","23/09/2026 15:46:01","2026-09-23T10:15:59.412Z","2.5","en","TRUE","TRUE","blinkit","","urgent","","fresh_produce","","three_four","seven_ten","1000_plus","[""fresh_produce"",""dairy_bread_eggs"",""snacks_sweets_beverages""]","","[""unplanned_browse"",""related_search"",""removed_items""]","not_sure","","","","","","","yes","added_useful","","","","","delivery_reliability","","no","Don't know about it yet.","added_item","supermarket_bulk","","Visakhapatnam","45_54","working_partnered","{""responseId"":""BS2-09f6f3dd99c1153d440c0104"",""clientTimestamp"":""2026-09-23T10:15:59.412Z"",""surveyVersion"":""2.5"",""language"":""en"",""consent"":true,""eligible"":true,""recentMethod"":""blinkit"",""recentMethodOther"":"""",""mission"":""urgent"",""missionOther"":"""",""firstNeed"":""fresh_produce"",""firstNeedOther"":"""",""householdSize"":""three_four"",""items"":""seven_ten"",""spend"":""1000_plus"",""categories"":[""fresh_produce"",""dairy_bread_eggs"",""snacks_sweets_beverages""],""categoriesOther"":"""",""expansionPattern"":[""unplanned_browse"",""related_search"",""removed_items""],""considered"":""not_sure"",""consideredCategory"":"""",""consideredCategoryOther"":"""",""stopReason"":"""",""stopReasonOther"":"""",""basketStopWhy"":"""",""basketStopWhyOther"":"""",""thresholdNoticed"":""yes"",""thresholdAction"":""added_useful"",""thresholdActionOther"":"""",""zeptoWhy"":"""",""zeptoWhyOther"":"""",""zeptoCheckoutMoment"":"""",""altWhy"":""delivery_reliability"",""altWhyOther"":"""",""consideredZepto"":""no"",""altZeptoGap"":""Don't know about it yet."",""receptivity"":""added_item"",""channelMix"":""supermarket_bulk"",""channelMixOther"":"""",""city"":""Visakhapatnam"",""ageBracket"":""45_54"",""lifeStage"":""working_partnered""}"
"BS2-ab21b4f2ed8d07d1f236453a","23/09/2026 15:46:02","2026-09-23T10:16:00.592Z","2.5","en","TRUE","TRUE","amazon_fresh","","stock_up","","","","one","two_three","700_999","[""fresh_produce"",""dairy_bread_eggs"",""staples_packaged_cooking""]","","[""planned_items"",""unplanned_browse""]","not_sure","","","","","","","yes","paid_fee","","","","","close_convenient","","no","Availability of items","not_sure","different_quick_commerce","","Hyderabad","25_34","prefer_not","{""responseId"":""BS2-ab21b4f2ed8d07d1f236453a"",""clientTimestamp"":""2026-09-23T10:16:00.592Z"",""surveyVersion"":""2.5"",""language"":""en"",""consent"":true,""eligible"":true,""recentMethod"":""amazon_fresh"",""recentMethodOther"":"""",""mission"":""stock_up"",""missionOther"":"""",""firstNeed"":"""",""firstNeedOther"":"""",""householdSize"":""one"",""items"":""two_three"",""spend"":""700_999"",""categories"":[""fresh_produce"",""dairy_bread_eggs"",""staples_packaged_cooking""],""categoriesOther"":"""",""expansionPattern"":[""planned_items"",""unplanned_browse""],""considered"":""not_sure"",""consideredCategory"":"""",""consideredCategoryOther"":"""",""stopReason"":"""",""stopReasonOther"":"""",""basketStopWhy"":"""",""basketStopWhyOther"":"""",""thresholdNoticed"":""yes"",""thresholdAction"":""paid_fee"",""thresholdActionOther"":"""",""zeptoWhy"":"""",""zeptoWhyOther"":"""",""zeptoCheckoutMoment"":"""",""altWhy"":""close_convenient"",""altWhyOther"":"""",""consideredZepto"":""no"",""altZeptoGap"":""Availability of items"",""receptivity"":""not_sure"",""channelMix"":""different_quick_commerce"",""channelMixOther"":"""",""city"":""Hyderabad"",""ageBracket"":""25_34"",""lifeStage"":""prefer_not""}"
"BS2-64ca4a8e1e7f5b9cdb411155","23/09/2026 15:46:19","2026-09-23T10:16:17.336Z","2.5","en","TRUE","TRUE","local_store","","stock_up","","","","three_four","more_than_ten","400_699","[""fresh_produce"",""dairy_bread_eggs"",""household_home_kitchen"",""beauty_personal_wellness"",""staples_packaged_cooking"",""snacks_sweets_beverages""]","","[""do_not_remember""]","yes","beauty_personal_wellness","","unavailable","","","","no","","","","","","close_convenient","","no","","ignored","local_bulk","","Mogra, west bengal","25_34","working_partnered","{""responseId"":""BS2-64ca4a8e1e7f5b9cdb411155"",""clientTimestamp"":""2026-09-23T10:16:17.336Z"",""surveyVersion"":""2.5"",""language"":""en"",""consent"":true,""eligible"":true,""recentMethod"":""local_store"",""recentMethodOther"":"""",""mission"":""stock_up"",""missionOther"":"""",""firstNeed"":"""",""firstNeedOther"":"""",""householdSize"":""three_four"",""items"":""more_than_ten"",""spend"":""400_699"",""categories"":[""fresh_produce"",""dairy_bread_eggs"",""household_home_kitchen"",""beauty_personal_wellness"",""staples_packaged_cooking"",""snacks_sweets_beverages""],""categoriesOther"":"""",""expansionPattern"":[""do_not_remember""],""considered"":""yes"",""consideredCategory"":""beauty_personal_wellness"",""consideredCategoryOther"":"""",""stopReason"":""unavailable"",""stopReasonOther"":"""",""basketStopWhy"":"""",""basketStopWhyOther"":"""",""thresholdNoticed"":""no"",""thresholdAction"":"""",""thresholdActionOther"":"""",""zeptoWhy"":"""",""zeptoWhyOther"":"""",""zeptoCheckoutMoment"":"""",""altWhy"":""close_convenient"",""altWhyOther"":"""",""consideredZepto"":""no"",""altZeptoGap"":"""",""receptivity"":""ignored"",""channelMix"":""local_bulk"",""channelMixOther"":"""",""city"":""Mogra, west bengal"",""ageBracket"":""25_34"",""lifeStage"":""working_partnered""}"
"BS2-6fbba227a37bbb422401f5ce","23/09/2026 15:48:41","2026-09-23T10:18:35.375Z","2.5","en","TRUE","TRUE","supermarket","","ran_out","","staples_packaged_cooking","","three_four","seven_ten","400_699","[""staples_packaged_cooking"",""dairy_bread_eggs"",""household_home_kitchen""]","","[""immediate_checkout"",""unplanned_browse""]","yes","snacks_sweets_beverages","","control_spend","","","","not_sure","","","","","","planned_trip","","no","","looked_no_add","supermarket_bulk","","Srikakulam","25_34","prefer_not","{""responseId"":""BS2-6fbba227a37bbb422401f5ce"",""clientTimestamp"":""2026-09-23T10:18:35.375Z"",""surveyVersion"":""2.5"",""language"":""en"",""consent"":true,""eligible"":true,""recentMethod"":""supermarket"",""recentMethodOther"":"""",""mission"":""ran_out"",""missionOther"":"""",""firstNeed"":""staples_packaged_cooking"",""firstNeedOther"":"""",""householdSize"":""three_four"",""items"":""seven_ten"",""spend"":""400_699"",""categories"":[""staples_packaged_cooking"",""dairy_bread_eggs"",""household_home_kitchen""],""categoriesOther"":"""",""expansionPattern"":[""immediate_checkout"",""unplanned_browse""],""considered"":""yes"",""consideredCategory"":""snacks_sweets_beverages"",""consideredCategoryOther"":"""",""stopReason"":""control_spend"",""stopReasonOther"":"""",""basketStopWhy"":"""",""basketStopWhyOther"":"""",""thresholdNoticed"":""not_sure"",""thresholdAction"":"""",""thresholdActionOther"":"""",""zeptoWhy"":"""",""zeptoWhyOther"":"""",""zeptoCheckoutMoment"":"""",""altWhy"":""planned_trip"",""altWhyOther"":"""",""consideredZepto"":""no"",""altZeptoGap"":"""",""receptivity"":""looked_no_add"",""channelMix"":""supermarket_bulk"",""channelMixOther"":"""",""city"":""Srikakulam"",""ageBracket"":""25_34"",""lifeStage"":""prefer_not""}"
"BS2-73e0901e116e24d975198087","23/09/2026 15:52:23","2026-09-23T10:22:20.985Z","2.5","en","TRUE","TRUE","supermarket","","stock_up","","","","three_four","more_than_ten","1000_plus","[""household_home_kitchen"",""fashion_toys_lifestyle"",""staples_packaged_cooking""]","","[""planned_items""]","yes","snacks_sweets_beverages","","need_complete","","","","no","","","","","","close_convenient","","yes","","added_item","supermarket_bulk","","Hyderabad","25_34","family_with_children","{""responseId"":""BS2-73e0901e116e24d975198087"",""clientTimestamp"":""2026-09-23T10:22:20.985Z"",""surveyVersion"":""2.5"",""language"":""en"",""consent"":true,""eligible"":true,""recentMethod"":""supermarket"",""recentMethodOther"":"""",""mission"":""stock_up"",""missionOther"":"""",""firstNeed"":"""",""firstNeedOther"":"""",""householdSize"":""three_four"",""items"":""more_than_ten"",""spend"":""1000_plus"",""categories"":[""household_home_kitchen"",""fashion_toys_lifestyle"",""staples_packaged_cooking""],""categoriesOther"":"""",""expansionPattern"":[""planned_items""],""considered"":""yes"",""consideredCategory"":""snacks_sweets_beverages"",""consideredCategoryOther"":"""",""stopReason"":""need_complete"",""stopReasonOther"":"""",""basketStopWhy"":"""",""basketStopWhyOther"":"""",""thresholdNoticed"":""no"",""thresholdAction"":"""",""thresholdActionOther"":"""",""zeptoWhy"":"""",""zeptoWhyOther"":"""",""zeptoCheckoutMoment"":"""",""altWhy"":""close_convenient"",""altWhyOther"":"""",""consideredZepto"":""yes"",""altZeptoGap"":"""",""receptivity"":""added_item"",""channelMix"":""supermarket_bulk"",""channelMixOther"":"""",""city"":""Hyderabad"",""ageBracket"":""25_34"",""lifeStage"":""family_with_children""}"
"BS2-e065f9439bb8bd39775cd29d","23/09/2026 15:53:00","2026-09-23T10:22:57.912Z","2.5","en","TRUE","TRUE","blinkit","","stock_up","","","","three_four","four_six","200_399","[""fresh_produce"",""snacks_sweets_beverages"",""dairy_bread_eggs""]","","[""related_search""]","not_sure","","","","","","","not_sure","","","","","","delivery_reliability","","not_sure","I would have used Zepto if it had better availability, faster delivery, and more competitive prices for the products I wanted.","ignored","supermarket_bulk","","Bengaluru","25_34","working_alone","{""responseId"":""BS2-e065f9439bb8bd39775cd29d"",""clientTimestamp"":""2026-09-23T10:22:57.912Z"",""surveyVersion"":""2.5"",""language"":""en"",""consent"":true,""eligible"":true,""recentMethod"":""blinkit"",""recentMethodOther"":"""",""mission"":""stock_up"",""missionOther"":"""",""firstNeed"":"""",""firstNeedOther"":"""",""householdSize"":""three_four"",""items"":""four_six"",""spend"":""200_399"",""categories"":[""fresh_produce"",""snacks_sweets_beverages"",""dairy_bread_eggs""],""categoriesOther"":"""",""expansionPattern"":[""related_search""],""considered"":""not_sure"",""consideredCategory"":"""",""consideredCategoryOther"":"""",""stopReason"":"""",""stopReasonOther"":"""",""basketStopWhy"":"""",""basketStopWhyOther"":"""",""thresholdNoticed"":""not_sure"",""thresholdAction"":"""",""thresholdActionOther"":"""",""zeptoWhy"":"""",""zeptoWhyOther"":"""",""zeptoCheckoutMoment"":"""",""altWhy"":""delivery_reliability"",""altWhyOther"":"""",""consideredZepto"":""not_sure"",""altZeptoGap"":""I would have used Zepto if it had better availability, faster delivery, and more competitive prices for the products I wanted."",""receptivity"":""ignored"",""channelMix"":""supermarket_bulk"",""channelMixOther"":"""",""city"":""Bengaluru"",""ageBracket"":""25_34"",""lifeStage"":""working_alone""}"
"BS2-5726bb4b770739e4d175f332","23/09/2026 15:53:28","2026-09-23T10:23:26.659Z","2.5","te","TRUE","TRUE","blinkit","","offer_led","","staples_packaged_cooking","","three_four","more_than_ten","1000_plus","[""staples_packaged_cooking""]","","[""planned_items""]","no","","","","","","","yes","added_to_unlock","","","","","price_offer","","yes","మంచి offers ఉండాలి","added_item","supermarket_bulk","","Bangalore","45_54","family_with_children","{""responseId"":""BS2-5726bb4b770739e4d175f332"",""clientTimestamp"":""2026-09-23T10:23:26.659Z"",""surveyVersion"":""2.5"",""language"":""te"",""consent"":true,""eligible"":true,""recentMethod"":""blinkit"",""recentMethodOther"":"""",""mission"":""offer_led"",""missionOther"":"""",""firstNeed"":""staples_packaged_cooking"",""firstNeedOther"":"""",""householdSize"":""three_four"",""items"":""more_than_ten"",""spend"":""1000_plus"",""categories"":[""staples_packaged_cooking""],""categoriesOther"":"""",""expansionPattern"":[""planned_items""],""considered"":""no"",""consideredCategory"":"""",""consideredCategoryOther"":"""",""stopReason"":"""",""stopReasonOther"":"""",""basketStopWhy"":"""",""basketStopWhyOther"":"""",""thresholdNoticed"":""yes"",""thresholdAction"":""added_to_unlock"",""thresholdActionOther"":"""",""zeptoWhy"":"""",""zeptoWhyOther"":"""",""zeptoCheckoutMoment"":"""",""altWhy"":""price_offer"",""altWhyOther"":"""",""consideredZepto"":""yes"",""altZeptoGap"":""మంచి offers ఉండాలి"",""receptivity"":""added_item"",""channelMix"":""supermarket_bulk"",""channelMixOther"":"""",""city"":""Bangalore"",""ageBracket"":""45_54"",""lifeStage"":""family_with_children""}"
"BS2-21076a4c984da010091900af","23/09/2026 15:55:02","2026-09-23T10:24:58.555Z","2.5","en","TRUE","TRUE","local_store","","planned_top_up","","staples_packaged_cooking","","three_four","four_six","700_999","[""staples_packaged_cooking""]","","[""planned_items""]","no","","","","","","","yes","waited","","","","","planned_trip","","no","","found_pushy","local_bulk","","Vizianagaram","35_44","working_partnered","{""responseId"":""BS2-21076a4c984da010091900af"",""clientTimestamp"":""2026-09-23T10:24:58.555Z"",""surveyVersion"":""2.5"",""language"":""en"",""consent"":true,""eligible"":true,""recentMethod"":""local_store"",""recentMethodOther"":"""",""mission"":""planned_top_up"",""missionOther"":"""",""firstNeed"":""staples_packaged_cooking"",""firstNeedOther"":"""",""householdSize"":""three_four"",""items"":""four_six"",""spend"":""700_999"",""categories"":[""staples_packaged_cooking""],""categoriesOther"":"""",""expansionPattern"":[""planned_items""],""considered"":""no"",""consideredCategory"":"""",""consideredCategoryOther"":"""",""stopReason"":"""",""stopReasonOther"":"""",""basketStopWhy"":"""",""basketStopWhyOther"":"""",""thresholdNoticed"":""yes"",""thresholdAction"":""waited"",""thresholdActionOther"":"""",""zeptoWhy"":"""",""zeptoWhyOther"":"""",""zeptoCheckoutMoment"":"""",""altWhy"":""planned_trip"",""altWhyOther"":"""",""consideredZepto"":""no"",""altZeptoGap"":"""",""receptivity"":""found_pushy"",""channelMix"":""local_bulk"",""channelMixOther"":"""",""city"":""Vizianagaram"",""ageBracket"":""35_44"",""lifeStage"":""working_partnered""}"
"BS2-7e7c73f6a639f5fb742da3e7","23/09/2026 15:56:34","2026-09-23T10:26:31.621Z","2.5","en","TRUE","TRUE","blinkit","","urgent","","fresh_produce","","three_four","more_than_ten","1000_plus","[""fresh_produce""]","","[""related_search""]","not_sure","","","","","","","no","","","","","","delivery_reliability","","no","Use blinkit fast delivery","ignored","same_app","","Visakhapatnam","35_44","family_with_children","{""responseId"":""BS2-7e7c73f6a639f5fb742da3e7"",""clientTimestamp"":""2026-09-23T10:26:31.621Z"",""surveyVersion"":""2.5"",""language"":""en"",""consent"":true,""eligible"":true,""recentMethod"":""blinkit"",""recentMethodOther"":"""",""mission"":""urgent"",""missionOther"":"""",""firstNeed"":""fresh_produce"",""firstNeedOther"":"""",""householdSize"":""three_four"",""items"":""more_than_ten"",""spend"":""1000_plus"",""categories"":[""fresh_produce""],""categoriesOther"":"""",""expansionPattern"":[""related_search""],""considered"":""not_sure"",""consideredCategory"":"""",""consideredCategoryOther"":"""",""stopReason"":"""",""stopReasonOther"":"""",""basketStopWhy"":"""",""basketStopWhyOther"":"""",""thresholdNoticed"":""no"",""thresholdAction"":"""",""thresholdActionOther"":"""",""zeptoWhy"":"""",""zeptoWhyOther"":"""",""zeptoCheckoutMoment"":"""",""altWhy"":""delivery_reliability"",""altWhyOther"":"""",""consideredZepto"":""no"",""altZeptoGap"":""Use blinkit fast delivery"",""receptivity"":""ignored"",""channelMix"":""same_app"",""channelMixOther"":"""",""city"":""Visakhapatnam"",""ageBracket"":""35_44"",""lifeStage"":""family_with_children""}"
"BS2-a6a59f1f0583ea5c472325e1","23/09/2026 15:59:38","2026-09-23T10:29:32.693Z","2.5","en","TRUE","TRUE","supermarket","","planned_top_up","","household_home_kitchen","","two","do_not_remember","prefer_not","[""household_home_kitchen"",""staples_packaged_cooking""]","","[""unplanned_browse""]","yes","snacks_sweets_beverages","","need_complete","","","","yes","paid_fee","","","","","availability","","not_sure","","not_sure","supermarket_bulk","","","25_34","working_alone","{""responseId"":""BS2-a6a59f1f0583ea5c472325e1"",""clientTimestamp"":""2026-09-23T10:29:32.693Z"",""surveyVersion"":""2.5"",""language"":""en"",""consent"":true,""eligible"":true,""recentMethod"":""supermarket"",""recentMethodOther"":"""",""mission"":""planned_top_up"",""missionOther"":"""",""firstNeed"":""household_home_kitchen"",""firstNeedOther"":"""",""householdSize"":""two"",""items"":""do_not_remember"",""spend"":""prefer_not"",""categories"":[""household_home_kitchen"",""staples_packaged_cooking""],""categoriesOther"":"""",""expansionPattern"":[""unplanned_browse""],""considered"":""yes"",""consideredCategory"":""snacks_sweets_beverages"",""consideredCategoryOther"":"""",""stopReason"":""need_complete"",""stopReasonOther"":"""",""basketStopWhy"":"""",""basketStopWhyOther"":"""",""thresholdNoticed"":""yes"",""thresholdAction"":""paid_fee"",""thresholdActionOther"":"""",""zeptoWhy"":"""",""zeptoWhyOther"":"""",""zeptoCheckoutMoment"":"""",""altWhy"":""availability"",""altWhyOther"":"""",""consideredZepto"":""not_sure"",""altZeptoGap"":"""",""receptivity"":""not_sure"",""channelMix"":""supermarket_bulk"",""channelMixOther"":"""",""city"":"""",""ageBracket"":""25_34"",""lifeStage"":""working_alone""}"
"BS2-14e03c71c7c26309666b698c","23/09/2026 15:59:51","2026-09-23T10:29:48.308Z","2.5","en","TRUE","TRUE","local_store","","ran_out","","dairy_bread_eggs","","three_four","more_than_ten","1000_plus","[""dairy_bread_eggs""]","","[""do_not_remember""]","yes","snacks_sweets_beverages","","unavailable","","","","no","","","","","","close_convenient","","no","Unavailable in location","ignored","supermarket_bulk","","Visakhapatnam","25_34","working_alone","{""responseId"":""BS2-14e03c71c7c26309666b698c"",""clientTimestamp"":""2026-09-23T10:29:48.308Z"",""surveyVersion"":""2.5"",""language"":""en"",""consent"":true,""eligible"":true,""recentMethod"":""local_store"",""recentMethodOther"":"""",""mission"":""ran_out"",""missionOther"":"""",""firstNeed"":""dairy_bread_eggs"",""firstNeedOther"":"""",""householdSize"":""three_four"",""items"":""more_than_ten"",""spend"":""1000_plus"",""categories"":[""dairy_bread_eggs""],""categoriesOther"":"""",""expansionPattern"":[""do_not_remember""],""considered"":""yes"",""consideredCategory"":""snacks_sweets_beverages"",""consideredCategoryOther"":"""",""stopReason"":""unavailable"",""stopReasonOther"":"""",""basketStopWhy"":"""",""basketStopWhyOther"":"""",""thresholdNoticed"":""no"",""thresholdAction"":"""",""thresholdActionOther"":"""",""zeptoWhy"":"""",""zeptoWhyOther"":"""",""zeptoCheckoutMoment"":"""",""altWhy"":""close_convenient"",""altWhyOther"":"""",""consideredZepto"":""no"",""altZeptoGap"":""Unavailable in location"",""receptivity"":""ignored"",""channelMix"":""supermarket_bulk"",""channelMixOther"":"""",""city"":""Visakhapatnam"",""ageBracket"":""25_34"",""lifeStage"":""working_alone""}"
"BS2-63eb6d15b4c6714ef4862fcc","23/09/2026 16:02:37","2026-09-23T10:32:34.626Z","2.5","en","TRUE","TRUE","local_store","","ran_out","","dairy_bread_eggs","","three_four","four_six","700_999","[""dairy_bread_eggs""]","","[""related_search""]","no","","","","","","","yes","waited","","","","","availability","","not_sure","","looked_no_add","same_app","","","45_54","working_partnered","{""responseId"":""BS2-63eb6d15b4c6714ef4862fcc"",""clientTimestamp"":""2026-09-23T10:32:34.626Z"",""surveyVersion"":""2.5"",""language"":""en"",""consent"":true,""eligible"":true,""recentMethod"":""local_store"",""recentMethodOther"":"""",""mission"":""ran_out"",""missionOther"":"""",""firstNeed"":""dairy_bread_eggs"",""firstNeedOther"":"""",""householdSize"":""three_four"",""items"":""four_six"",""spend"":""700_999"",""categories"":[""dairy_bread_eggs""],""categoriesOther"":"""",""expansionPattern"":[""related_search""],""considered"":""no"",""consideredCategory"":"""",""consideredCategoryOther"":"""",""stopReason"":"""",""stopReasonOther"":"""",""basketStopWhy"":"""",""basketStopWhyOther"":"""",""thresholdNoticed"":""yes"",""thresholdAction"":""waited"",""thresholdActionOther"":"""",""zeptoWhy"":"""",""zeptoWhyOther"":"""",""zeptoCheckoutMoment"":"""",""altWhy"":""availability"",""altWhyOther"":"""",""consideredZepto"":""not_sure"",""altZeptoGap"":"""",""receptivity"":""looked_no_add"",""channelMix"":""same_app"",""channelMixOther"":"""",""city"":"""",""ageBracket"":""45_54"",""lifeStage"":""working_partnered""}"
"BS2-17f86d2e7018ff2c6b22dda3","23/09/2026 16:06:27","2026-09-23T10:36:24.085Z","2.5","en","TRUE","TRUE","local_store","","ran_out","","dairy_bread_eggs","","three_four","one","below_200","[""dairy_bread_eggs"",""snacks_sweets_beverages"",""meat_seafood_frozen""]","","[""planned_items"",""unplanned_browse""]","yes","beauty_personal_wellness","","buy_later","","","","no","","","","","","close_convenient","","no","No idea if its available in my hometown😅","looked_no_add","supermarket_bulk","","Bhimavaram","25_34","working_alone","{""responseId"":""BS2-17f86d2e7018ff2c6b22dda3"",""clientTimestamp"":""2026-09-23T10:36:24.085Z"",""surveyVersion"":""2.5"",""language"":""en"",""consent"":true,""eligible"":true,""recentMethod"":""local_store"",""recentMethodOther"":"""",""mission"":""ran_out"",""missionOther"":"""",""firstNeed"":""dairy_bread_eggs"",""firstNeedOther"":"""",""householdSize"":""three_four"",""items"":""one"",""spend"":""below_200"",""categories"":[""dairy_bread_eggs"",""snacks_sweets_beverages"",""meat_seafood_frozen""],""categoriesOther"":"""",""expansionPattern"":[""planned_items"",""unplanned_browse""],""considered"":""yes"",""consideredCategory"":""beauty_personal_wellness"",""consideredCategoryOther"":"""",""stopReason"":""buy_later"",""stopReasonOther"":"""",""basketStopWhy"":"""",""basketStopWhyOther"":"""",""thresholdNoticed"":""no"",""thresholdAction"":"""",""thresholdActionOther"":"""",""zeptoWhy"":"""",""zeptoWhyOther"":"""",""zeptoCheckoutMoment"":"""",""altWhy"":""close_convenient"",""altWhyOther"":"""",""consideredZepto"":""no"",""altZeptoGap"":""No idea if its available in my hometown😅"",""receptivity"":""looked_no_add"",""channelMix"":""supermarket_bulk"",""channelMixOther"":"""",""city"":""Bhimavaram"",""ageBracket"":""25_34"",""lifeStage"":""working_alone""}"
"BS2-1e334224d3e3624dccbc395f","23/09/2026 16:07:07","2026-09-23T10:37:04.851Z","2.5","en","TRUE","TRUE","blinkit","","urgent","","dairy_bread_eggs","","two","one","below_200","[""dairy_bread_eggs""]","","[""related_search""]","not_sure","","","","","","","yes","no_change","","","","","availability","","no","Zepto is not available in Vizag.","not_sure","local_bulk","","Visakhapatnam","45_54","family_with_children","{""responseId"":""BS2-1e334224d3e3624dccbc395f"",""clientTimestamp"":""2026-09-23T10:37:04.851Z"",""surveyVersion"":""2.5"",""language"":""en"",""consent"":true,""eligible"":true,""recentMethod"":""blinkit"",""recentMethodOther"":"""",""mission"":""urgent"",""missionOther"":"""",""firstNeed"":""dairy_bread_eggs"",""firstNeedOther"":"""",""householdSize"":""two"",""items"":""one"",""spend"":""below_200"",""categories"":[""dairy_bread_eggs""],""categoriesOther"":"""",""expansionPattern"":[""related_search""],""considered"":""not_sure"",""consideredCategory"":"""",""consideredCategoryOther"":"""",""stopReason"":"""",""stopReasonOther"":"""",""basketStopWhy"":"""",""basketStopWhyOther"":"""",""thresholdNoticed"":""yes"",""thresholdAction"":""no_change"",""thresholdActionOther"":"""",""zeptoWhy"":"""",""zeptoWhyOther"":"""",""zeptoCheckoutMoment"":"""",""altWhy"":""availability"",""altWhyOther"":"""",""consideredZepto"":""no"",""altZeptoGap"":""Zepto is not available in Vizag."",""receptivity"":""not_sure"",""channelMix"":""local_bulk"",""channelMixOther"":"""",""city"":""Visakhapatnam"",""ageBracket"":""45_54"",""lifeStage"":""family_with_children""}"
"BS2-6cb52df860b07479d1160116","23/09/2026 16:07:10","2026-09-23T10:37:08.965Z","2.5","en","TRUE","TRUE","blinkit","","urgent","","dairy_bread_eggs","","three_four","seven_ten","1000_plus","[""dairy_bread_eggs"",""fresh_produce""]","","[""unplanned_browse""]","not_sure","","","","","","","not_sure","","","","","","delivery_reliability","","no","Don't know about it yet.","added_item","supermarket_bulk","","Visakhapatnam","45_54","working_partnered","{""responseId"":""BS2-6cb52df860b07479d1160116"",""clientTimestamp"":""2026-09-23T10:37:08.965Z"",""surveyVersion"":""2.5"",""language"":""en"",""consent"":true,""eligible"":true,""recentMethod"":""blinkit"",""recentMethodOther"":"""",""mission"":""urgent"",""missionOther"":"""",""firstNeed"":""dairy_bread_eggs"",""firstNeedOther"":"""",""householdSize"":""three_four"",""items"":""seven_ten"",""spend"":""1000_plus"",""categories"":[""dairy_bread_eggs"",""fresh_produce""],""categoriesOther"":"""",""expansionPattern"":[""unplanned_browse""],""considered"":""not_sure"",""consideredCategory"":"""",""consideredCategoryOther"":"""",""stopReason"":"""",""stopReasonOther"":"""",""basketStopWhy"":"""",""basketStopWhyOther"":"""",""thresholdNoticed"":""not_sure"",""thresholdAction"":"""",""thresholdActionOther"":"""",""zeptoWhy"":"""",""zeptoWhyOther"":"""",""zeptoCheckoutMoment"":"""",""altWhy"":""delivery_reliability"",""altWhyOther"":"""",""consideredZepto"":""no"",""altZeptoGap"":""Don't know about it yet."",""receptivity"":""added_item"",""channelMix"":""supermarket_bulk"",""channelMixOther"":"""",""city"":""Visakhapatnam"",""ageBracket"":""45_54"",""lifeStage"":""working_partnered""}"
"BS2-12b301d41e3c81f8ed283d0d","23/09/2026 16:10:11","2026-09-23T10:40:07.264Z","2.5","en","TRUE","TRUE","local_market","","stock_up","","","","one","more_than_ten","1000_plus","[""household_home_kitchen""]","","[""planned_items""]","yes","household_home_kitchen","","need_complete","","","","no","","","","","","habit","","no","If it is available. It will use.","added_item","local_bulk","","KOVVUR","55_plus","working_partnered","{""responseId"":""BS2-12b301d41e3c81f8ed283d0d"",""clientTimestamp"":""2026-09-23T10:40:07.264Z"",""surveyVersion"":""2.5"",""language"":""en"",""consent"":true,""eligible"":true,""recentMethod"":""local_market"",""recentMethodOther"":"""",""mission"":""stock_up"",""missionOther"":"""",""firstNeed"":"""",""firstNeedOther"":"""",""householdSize"":""one"",""items"":""more_than_ten"",""spend"":""1000_plus"",""categories"":[""household_home_kitchen""],""categoriesOther"":"""",""expansionPattern"":[""planned_items""],""considered"":""yes"",""consideredCategory"":""household_home_kitchen"",""consideredCategoryOther"":"""",""stopReason"":""need_complete"",""stopReasonOther"":"""",""basketStopWhy"":"""",""basketStopWhyOther"":"""",""thresholdNoticed"":""no"",""thresholdAction"":"""",""thresholdActionOther"":"""",""zeptoWhy"":"""",""zeptoWhyOther"":"""",""zeptoCheckoutMoment"":"""",""altWhy"":""habit"",""altWhyOther"":"""",""consideredZepto"":""no"",""altZeptoGap"":""If it is available. It will use."",""receptivity"":""added_item"",""channelMix"":""local_bulk"",""channelMixOther"":"""",""city"":""KOVVUR"",""ageBracket"":""55_plus"",""lifeStage"":""working_partnered""}"
"BS2-734e1aa3ba8b4084c5f7967d","23/09/2026 16:10:51","2026-09-23T10:40:49.560Z","2.5","en","TRUE","TRUE","bigbasket","","urgent","","fresh_produce","","two","seven_ten","1000_plus","[""fresh_produce"",""staples_packaged_cooking""]","","[""planned_items"",""related_search""]","no","","","","","","","not_sure","","","","","","close_convenient","","not_sure","More discounts","added_item","local_bulk","","Vizag","45_54","retired_not_working","{""responseId"":""BS2-734e1aa3ba8b4084c5f7967d"",""clientTimestamp"":""2026-09-23T10:40:49.560Z"",""surveyVersion"":""2.5"",""language"":""en"",""consent"":true,""eligible"":true,""recentMethod"":""bigbasket"",""recentMethodOther"":"""",""mission"":""urgent"",""missionOther"":"""",""firstNeed"":""fresh_produce"",""firstNeedOther"":"""",""householdSize"":""two"",""items"":""seven_ten"",""spend"":""1000_plus"",""categories"":[""fresh_produce"",""staples_packaged_cooking""],""categoriesOther"":"""",""expansionPattern"":[""planned_items"",""related_search""],""considered"":""no"",""consideredCategory"":"""",""consideredCategoryOther"":"""",""stopReason"":"""",""stopReasonOther"":"""",""basketStopWhy"":"""",""basketStopWhyOther"":"""",""thresholdNoticed"":""not_sure"",""thresholdAction"":"""",""thresholdActionOther"":"""",""zeptoWhy"":"""",""zeptoWhyOther"":"""",""zeptoCheckoutMoment"":"""",""altWhy"":""close_convenient"",""altWhyOther"":"""",""consideredZepto"":""not_sure"",""altZeptoGap"":""More discounts"",""receptivity"":""added_item"",""channelMix"":""local_bulk"",""channelMixOther"":"""",""city"":""Vizag"",""ageBracket"":""45_54"",""lifeStage"":""retired_not_working""}"
"BS2-c0fd19edf268ded615978480","23/09/2026 16:14:48","2026-09-23T10:44:44.478Z","2.5","en","TRUE","TRUE","zepto","","stock_up","","","","five_plus","more_than_ten","1000_plus","[""fresh_produce"",""meat_seafood_frozen""]","","[""planned_items""]","no","","","","","","","yes","added_useful","","habit","","Double check the items and offers ","","","","","looked_no_add","supermarket_bulk","","Bangalore","25_34","working_alone","{""responseId"":""BS2-c0fd19edf268ded615978480"",""clientTimestamp"":""2026-09-23T10:44:44.478Z"",""surveyVersion"":""2.5"",""language"":""en"",""consent"":true,""eligible"":true,""recentMethod"":""zepto"",""recentMethodOther"":"""",""mission"":""stock_up"",""missionOther"":"""",""firstNeed"":"""",""firstNeedOther"":"""",""householdSize"":""five_plus"",""items"":""more_than_ten"",""spend"":""1000_plus"",""categories"":[""fresh_produce"",""meat_seafood_frozen""],""categoriesOther"":"""",""expansionPattern"":[""planned_items""],""considered"":""no"",""consideredCategory"":"""",""consideredCategoryOther"":"""",""stopReason"":"""",""stopReasonOther"":"""",""basketStopWhy"":"""",""basketStopWhyOther"":"""",""thresholdNoticed"":""yes"",""thresholdAction"":""added_useful"",""thresholdActionOther"":"""",""zeptoWhy"":""habit"",""zeptoWhyOther"":"""",""zeptoCheckoutMoment"":""Double check the items and offers "",""altWhy"":"""",""altWhyOther"":"""",""consideredZepto"":"""",""altZeptoGap"":"""",""receptivity"":""looked_no_add"",""channelMix"":""supermarket_bulk"",""channelMixOther"":"""",""city"":""Bangalore"",""ageBracket"":""25_34"",""lifeStage"":""working_alone""}"
"BS2-aa49d8225fba54628762dbee","23/09/2026 16:15:04","2026-09-23T10:45:02.195Z","2.5","en","TRUE","TRUE","blinkit","","urgent","","dairy_bread_eggs","","three_four","four_six","700_999","[""dairy_bread_eggs"",""fresh_produce"",""meat_seafood_frozen"",""staples_packaged_cooking""]","","[""threshold_add""]","yes","beauty_personal_wellness","","control_spend","","","","yes","added_to_unlock","","","","","delivery_reliability","","no","Zepto services are not available in cizag","found_pushy","supermarket_bulk","","Visakhapatnam","25_34","working_partnered","{""responseId"":""BS2-aa49d8225fba54628762dbee"",""clientTimestamp"":""2026-09-23T10:45:02.195Z"",""surveyVersion"":""2.5"",""language"":""en"",""consent"":true,""eligible"":true,""recentMethod"":""blinkit"",""recentMethodOther"":"""",""mission"":""urgent"",""missionOther"":"""",""firstNeed"":""dairy_bread_eggs"",""firstNeedOther"":"""",""householdSize"":""three_four"",""items"":""four_six"",""spend"":""700_999"",""categories"":[""dairy_bread_eggs"",""fresh_produce"",""meat_seafood_frozen"",""staples_packaged_cooking""],""categoriesOther"":"""",""expansionPattern"":[""threshold_add""],""considered"":""yes"",""consideredCategory"":""beauty_personal_wellness"",""consideredCategoryOther"":"""",""stopReason"":""control_spend"",""stopReasonOther"":"""",""basketStopWhy"":"""",""basketStopWhyOther"":"""",""thresholdNoticed"":""yes"",""thresholdAction"":""added_to_unlock"",""thresholdActionOther"":"""",""zeptoWhy"":"""",""zeptoWhyOther"":"""",""zeptoCheckoutMoment"":"""",""altWhy"":""delivery_reliability"",""altWhyOther"":"""",""consideredZepto"":""no"",""altZeptoGap"":""Zepto services are not available in cizag"",""receptivity"":""found_pushy"",""channelMix"":""supermarket_bulk"",""channelMixOther"":"""",""city"":""Visakhapatnam"",""ageBracket"":""25_34"",""lifeStage"":""working_partnered""}"
"BS2-bf255b4803860b4fe8748424","23/09/2026 16:16:08","2026-09-23T10:46:05.630Z","2.5","en","TRUE","TRUE","blinkit","","urgent","","fresh_produce","","three_four","seven_ten","1000_plus","[""fresh_produce""]","","[""unplanned_browse""]","yes","fresh_produce","","need_complete","","","","yes","added_useful","","","","","delivery_reliability","","yes","Most reliable","added_item","supermarket_bulk","","Visakhapatnam","45_54","working_partnered","{""responseId"":""BS2-bf255b4803860b4fe8748424"",""clientTimestamp"":""2026-09-23T10:46:05.630Z"",""surveyVersion"":""2.5"",""language"":""en"",""consent"":true,""eligible"":true,""recentMethod"":""blinkit"",""recentMethodOther"":"""",""mission"":""urgent"",""missionOther"":"""",""firstNeed"":""fresh_produce"",""firstNeedOther"":"""",""householdSize"":""three_four"",""items"":""seven_ten"",""spend"":""1000_plus"",""categories"":[""fresh_produce""],""categoriesOther"":"""",""expansionPattern"":[""unplanned_browse""],""considered"":""yes"",""consideredCategory"":""fresh_produce"",""consideredCategoryOther"":"""",""stopReason"":""need_complete"",""stopReasonOther"":"""",""basketStopWhy"":"""",""basketStopWhyOther"":"""",""thresholdNoticed"":""yes"",""thresholdAction"":""added_useful"",""thresholdActionOther"":"""",""zeptoWhy"":"""",""zeptoWhyOther"":"""",""zeptoCheckoutMoment"":"""",""altWhy"":""delivery_reliability"",""altWhyOther"":"""",""consideredZepto"":""yes"",""altZeptoGap"":""Most reliable"",""receptivity"":""added_item"",""channelMix"":""supermarket_bulk"",""channelMixOther"":"""",""city"":""Visakhapatnam"",""ageBracket"":""45_54"",""lifeStage"":""working_partnered""}"
"BS2-f1f90d50e222eaacee783e2e","23/09/2026 16:16:52","2026-09-23T10:46:50.184Z","2.5","en","TRUE","TRUE","local_store","","offer_led","","household_home_kitchen","","one","more_than_ten","1000_plus","[""household_home_kitchen""]","","[""removed_items""]","yes","household_home_kitchen","","control_spend","","","","yes","added_to_unlock","","","","","larger_quantity_value","","no","No","looked_no_add","supermarket_bulk","","Hyd","35_44","family_with_children","{""responseId"":""BS2-f1f90d50e222eaacee783e2e"",""clientTimestamp"":""2026-09-23T10:46:50.184Z"",""surveyVersion"":""2.5"",""language"":""en"",""consent"":true,""eligible"":true,""recentMethod"":""local_store"",""recentMethodOther"":"""",""mission"":""offer_led"",""missionOther"":"""",""firstNeed"":""household_home_kitchen"",""firstNeedOther"":"""",""householdSize"":""one"",""items"":""more_than_ten"",""spend"":""1000_plus"",""categories"":[""household_home_kitchen""],""categoriesOther"":"""",""expansionPattern"":[""removed_items""],""considered"":""yes"",""consideredCategory"":""household_home_kitchen"",""consideredCategoryOther"":"""",""stopReason"":""control_spend"",""stopReasonOther"":"""",""basketStopWhy"":"""",""basketStopWhyOther"":"""",""thresholdNoticed"":""yes"",""thresholdAction"":""added_to_unlock"",""thresholdActionOther"":"""",""zeptoWhy"":"""",""zeptoWhyOther"":"""",""zeptoCheckoutMoment"":"""",""altWhy"":""larger_quantity_value"",""altWhyOther"":"""",""consideredZepto"":""no"",""altZeptoGap"":""No"",""receptivity"":""looked_no_add"",""channelMix"":""supermarket_bulk"",""channelMixOther"":"""",""city"":""Hyd"",""ageBracket"":""35_44"",""lifeStage"":""family_with_children""}"
"BS2-986bc79979eb3438085fbd1f","23/09/2026 16:19:35","2026-09-23T10:49:32.625Z","2.5","en","TRUE","TRUE","blinkit","","urgent","","fresh_produce","","three_four","seven_ten","1000_plus","[""fresh_produce""]","","[""unplanned_browse"",""related_search""]","not_sure","","","","","","","not_sure","","","","","","delivery_reliability","","not_sure","Don't know about it.","added_item","supermarket_bulk","","Visakhapatnam","45_54","working_partnered","{""responseId"":""BS2-986bc79979eb3438085fbd1f"",""clientTimestamp"":""2026-09-23T10:49:32.625Z"",""surveyVersion"":""2.5"",""language"":""en"",""consent"":true,""eligible"":true,""recentMethod"":""blinkit"",""recentMethodOther"":"""",""mission"":""urgent"",""missionOther"":"""",""firstNeed"":""fresh_produce"",""firstNeedOther"":"""",""householdSize"":""three_four"",""items"":""seven_ten"",""spend"":""1000_plus"",""categories"":[""fresh_produce""],""categoriesOther"":"""",""expansionPattern"":[""unplanned_browse"",""related_search""],""considered"":""not_sure"",""consideredCategory"":"""",""consideredCategoryOther"":"""",""stopReason"":"""",""stopReasonOther"":"""",""basketStopWhy"":"""",""basketStopWhyOther"":"""",""thresholdNoticed"":""not_sure"",""thresholdAction"":"""",""thresholdActionOther"":"""",""zeptoWhy"":"""",""zeptoWhyOther"":"""",""zeptoCheckoutMoment"":"""",""altWhy"":""delivery_reliability"",""altWhyOther"":"""",""consideredZepto"":""not_sure"",""altZeptoGap"":""Don't know about it."",""receptivity"":""added_item"",""channelMix"":""supermarket_bulk"",""channelMixOther"":"""",""city"":""Visakhapatnam"",""ageBracket"":""45_54"",""lifeStage"":""working_partnered""}"
"BS2-b2daed2a78ab3770e6c5cda1","23/09/2026 16:28:01","2026-09-23T10:57:58.363Z","2.5","en","TRUE","TRUE","blinkit","","urgent","","fresh_produce","","three_four","four_six","700_999","[""fresh_produce"",""dairy_bread_eggs"",""snacks_sweets_beverages"",""baby_pet"",""fashion_toys_lifestyle""]","","[""unplanned_browse"",""related_search"",""removed_items""]","no","","","","","","","no","","","","","","delivery_reliability","","no","Zepto is not available in my location yet.","added_item","supermarket_bulk","","Vijayawada","25_34","family_with_children","{""responseId"":""BS2-b2daed2a78ab3770e6c5cda1"",""clientTimestamp"":""2026-09-23T10:57:58.363Z"",""surveyVersion"":""2.5"",""language"":""en"",""consent"":true,""eligible"":true,""recentMethod"":""blinkit"",""recentMethodOther"":"""",""mission"":""urgent"",""missionOther"":"""",""firstNeed"":""fresh_produce"",""firstNeedOther"":"""",""householdSize"":""three_four"",""items"":""four_six"",""spend"":""700_999"",""categories"":[""fresh_produce"",""dairy_bread_eggs"",""snacks_sweets_beverages"",""baby_pet"",""fashion_toys_lifestyle""],""categoriesOther"":"""",""expansionPattern"":[""unplanned_browse"",""related_search"",""removed_items""],""considered"":""no"",""consideredCategory"":"""",""consideredCategoryOther"":"""",""stopReason"":"""",""stopReasonOther"":"""",""basketStopWhy"":"""",""basketStopWhyOther"":"""",""thresholdNoticed"":""no"",""thresholdAction"":"""",""thresholdActionOther"":"""",""zeptoWhy"":"""",""zeptoWhyOther"":"""",""zeptoCheckoutMoment"":"""",""altWhy"":""delivery_reliability"",""altWhyOther"":"""",""consideredZepto"":""no"",""altZeptoGap"":""Zepto is not available in my location yet."",""receptivity"":""added_item"",""channelMix"":""supermarket_bulk"",""channelMixOther"":"""",""city"":""Vijayawada"",""ageBracket"":""25_34"",""lifeStage"":""family_with_children""}"
"BS2-84a9f2e92345cbc8cbf500a6","23/09/2026 16:35:17","2026-09-23T11:05:13.219Z","2.5","en","TRUE","TRUE","zepto","","urgent","","fresh_produce","","one","two_three","200_399","[""fresh_produce"",""dairy_bread_eggs"",""household_home_kitchen""]","","[""planned_items"",""unplanned_browse""]","not_sure","","","","","","","yes","added_to_unlock","","delivery_speed","","I recheck all the items, calculate the total amount, and then make the payment.","","","","","ignored","supermarket_bulk","","Hyderabad","25_34","working_partnered","{""responseId"":""BS2-84a9f2e92345cbc8cbf500a6"",""clientTimestamp"":""2026-09-23T11:05:13.219Z"",""surveyVersion"":""2.5"",""language"":""en"",""consent"":true,""eligible"":true,""recentMethod"":""zepto"",""recentMethodOther"":"""",""mission"":""urgent"",""missionOther"":"""",""firstNeed"":""fresh_produce"",""firstNeedOther"":"""",""householdSize"":""one"",""items"":""two_three"",""spend"":""200_399"",""categories"":[""fresh_produce"",""dairy_bread_eggs"",""household_home_kitchen""],""categoriesOther"":"""",""expansionPattern"":[""planned_items"",""unplanned_browse""],""considered"":""not_sure"",""consideredCategory"":"""",""consideredCategoryOther"":"""",""stopReason"":"""",""stopReasonOther"":"""",""basketStopWhy"":"""",""basketStopWhyOther"":"""",""thresholdNoticed"":""yes"",""thresholdAction"":""added_to_unlock"",""thresholdActionOther"":"""",""zeptoWhy"":""delivery_speed"",""zeptoWhyOther"":"""",""zeptoCheckoutMoment"":""I recheck all the items, calculate the total amount, and then make the payment."",""altWhy"":"""",""altWhyOther"":"""",""consideredZepto"":"""",""altZeptoGap"":"""",""receptivity"":""ignored"",""channelMix"":""supermarket_bulk"",""channelMixOther"":"""",""city"":""Hyderabad"",""ageBracket"":""25_34"",""lifeStage"":""working_partnered""}"
"BS2-3e1463f25a1e25c4f0391725","23/09/2026 16:35:39","2026-09-23T11:05:36.321Z","2.5","en","TRUE","TRUE","zepto","","regular_reorder","","","","two","more_than_ten","1000_plus","[""fresh_produce"",""household_home_kitchen"",""beauty_personal_wellness"",""fashion_toys_lifestyle"",""snacks_sweets_beverages"",""dairy_bread_eggs"",""staples_packaged_cooking"",""prepared_food_cafe"",""meat_seafood_frozen"",""electronics_mobile""]","","[""removed_items""]","yes","meat_seafood_frozen","","quality_concern","","","","yes","removed_or_abandoned","","delivery_speed","","I decided my basket was complete after I had added everything I needed for my planned meals and checked that I hadn’t missed any essentials.","","","","","ignored","same_app","","Bangalore","25_34","working_alone","{""responseId"":""BS2-3e1463f25a1e25c4f0391725"",""clientTimestamp"":""2026-09-23T11:05:36.321Z"",""surveyVersion"":""2.5"",""language"":""en"",""consent"":true,""eligible"":true,""recentMethod"":""zepto"",""recentMethodOther"":"""",""mission"":""regular_reorder"",""missionOther"":"""",""firstNeed"":"""",""firstNeedOther"":"""",""householdSize"":""two"",""items"":""more_than_ten"",""spend"":""1000_plus"",""categories"":[""fresh_produce"",""household_home_kitchen"",""beauty_personal_wellness"",""fashion_toys_lifestyle"",""snacks_sweets_beverages"",""dairy_bread_eggs"",""staples_packaged_cooking"",""prepared_food_cafe"",""meat_seafood_frozen"",""electronics_mobile""],""categoriesOther"":"""",""expansionPattern"":[""removed_items""],""considered"":""yes"",""consideredCategory"":""meat_seafood_frozen"",""consideredCategoryOther"":"""",""stopReason"":""quality_concern"",""stopReasonOther"":"""",""basketStopWhy"":"""",""basketStopWhyOther"":"""",""thresholdNoticed"":""yes"",""thresholdAction"":""removed_or_abandoned"",""thresholdActionOther"":"""",""zeptoWhy"":""delivery_speed"",""zeptoWhyOther"":"""",""zeptoCheckoutMoment"":""I decided my basket was complete after I had added everything I needed for my planned meals and checked that I hadn’t missed any essentials."",""altWhy"":"""",""altWhyOther"":"""",""consideredZepto"":"""",""altZeptoGap"":"""",""receptivity"":""ignored"",""channelMix"":""same_app"",""channelMixOther"":"""",""city"":""Bangalore"",""ageBracket"":""25_34"",""lifeStage"":""working_alone""}"
"BS2-6b7370235e952fc8","23/09/2026 16:40:16","2026-09-23T11:10:14.675Z","2.5","en","TRUE","TRUE","zepto","","ran_out","","dairy_bread_eggs","","one","two_three","200_399","[""dairy_bread_eggs"",""snacks_sweets_beverages""]","","[""planned_items"",""threshold_add""]","yes","prepared_food_cafe","","control_spend","","","","yes","added_useful","","delivery_speed","","Checked that free delivery threshold was reached and added a cold brew.","","","","","added_item","supermarket_bulk","","Bengaluru","25_34","working_alone","{""responseId"":""BS2-6b7370235e952fc8"",""clientTimestamp"":""2026-09-23T11:10:14.675Z"",""surveyVersion"":""2.5"",""language"":""en"",""consent"":true,""eligible"":true,""recentMethod"":""zepto"",""recentMethodOther"":"""",""mission"":""ran_out"",""missionOther"":"""",""firstNeed"":""dairy_bread_eggs"",""firstNeedOther"":"""",""householdSize"":""one"",""items"":""two_three"",""spend"":""200_399"",""categories"":[""dairy_bread_eggs"",""snacks_sweets_beverages""],""categoriesOther"":"""",""expansionPattern"":[""planned_items"",""threshold_add""],""considered"":""yes"",""consideredCategory"":""prepared_food_cafe"",""consideredCategoryOther"":"""",""stopReason"":""control_spend"",""stopReasonOther"":"""",""basketStopWhy"":"""",""basketStopWhyOther"":"""",""thresholdNoticed"":""yes"",""thresholdAction"":""added_useful"",""thresholdActionOther"":"""",""zeptoWhy"":""delivery_speed"",""zeptoWhyOther"":"""",""zeptoCheckoutMoment"":""Checked that free delivery threshold was reached and added a cold brew."",""altWhy"":"""",""altWhyOther"":"""",""consideredZepto"":"""",""altZeptoGap"":"""",""receptivity"":""added_item"",""channelMix"":""supermarket_bulk"",""channelMixOther"":"""",""city"":""Bengaluru"",""ageBracket"":""25_34"",""lifeStage"":""working_alone""}"
"BS2-2cfb635f7b8d8cd4","23/09/2026 16:44:37","2026-09-23T11:14:34.745Z","2.5","en","TRUE","TRUE","zepto","","urgent","","snacks_sweets_beverages","","one","two_three","200_399","[""snacks_sweets_beverages"",""prepared_food_cafe""]","","[""threshold_add""]","yes","beauty_personal_wellness","","too_expensive","","","","yes","added_useful","","delivery_speed","","Needed energy drink and chips for late-night coding shift.","","","","","added_item","same_app","","Bengaluru","18_24","working_alone","{""responseId"":""BS2-2cfb635f7b8d8cd4"",""clientTimestamp"":""2026-09-23T11:14:34.745Z"",""surveyVersion"":""2.5"",""language"":""en"",""consent"":true,""eligible"":true,""recentMethod"":""zepto"",""recentMethodOther"":"""",""mission"":""urgent"",""missionOther"":"""",""firstNeed"":""snacks_sweets_beverages"",""firstNeedOther"":"""",""householdSize"":""one"",""items"":""two_three"",""spend"":""200_399"",""categories"":[""snacks_sweets_beverages"",""prepared_food_cafe""],""categoriesOther"":"""",""expansionPattern"":[""threshold_add""],""considered"":""yes"",""consideredCategory"":""beauty_personal_wellness"",""consideredCategoryOther"":"""",""stopReason"":""too_expensive"",""stopReasonOther"":"""",""basketStopWhy"":"""",""basketStopWhyOther"":"""",""thresholdNoticed"":""yes"",""thresholdAction"":""added_useful"",""thresholdActionOther"":"""",""zeptoWhy"":""delivery_speed"",""zeptoWhyOther"":"""",""zeptoCheckoutMoment"":""Needed energy drink and chips for late-night coding shift."",""altWhy"":"""",""altWhyOther"":"""",""consideredZepto"":"""",""altZeptoGap"":"""",""receptivity"":""added_item"",""channelMix"":""same_app"",""channelMixOther"":"""",""city"":""Bengaluru"",""ageBracket"":""18_24"",""lifeStage"":""working_alone""}"
"BS2-6b7eff359593ac52","23/09/2026 16:44:44","2026-09-23T11:14:42.193Z","2.5","en","TRUE","TRUE","blinkit","","ran_out","","dairy_bread_eggs","","two","four_six","400_699","[""dairy_bread_eggs"",""staples_packaged_cooking"",""fresh_produce""]","","[""planned_items""]","no","","","","","","","yes","added_to_unlock","","","","","delivery_speed","","yes","Blinkit had the specific brand of organic milk my wife prefers.","looked_no_add","supermarket_bulk","","Delhi-NCR (Gurgaon)","25_34","working_partnered","{""responseId"":""BS2-6b7eff359593ac52"",""clientTimestamp"":""2026-09-23T11:14:42.193Z"",""surveyVersion"":""2.5"",""language"":""en"",""consent"":true,""eligible"":true,""recentMethod"":""blinkit"",""recentMethodOther"":"""",""mission"":""ran_out"",""missionOther"":"""",""firstNeed"":""dairy_bread_eggs"",""firstNeedOther"":"""",""householdSize"":""two"",""items"":""four_six"",""spend"":""400_699"",""categories"":[""dairy_bread_eggs"",""staples_packaged_cooking"",""fresh_produce""],""categoriesOther"":"""",""expansionPattern"":[""planned_items""],""considered"":""no"",""consideredCategory"":"""",""consideredCategoryOther"":"""",""stopReason"":"""",""stopReasonOther"":"""",""basketStopWhy"":"""",""basketStopWhyOther"":"""",""thresholdNoticed"":""yes"",""thresholdAction"":""added_to_unlock"",""thresholdActionOther"":"""",""zeptoWhy"":"""",""zeptoWhyOther"":"""",""zeptoCheckoutMoment"":"""",""altWhy"":""delivery_speed"",""altWhyOther"":"""",""consideredZepto"":""yes"",""altZeptoGap"":""Blinkit had the specific brand of organic milk my wife prefers."",""receptivity"":""looked_no_add"",""channelMix"":""supermarket_bulk"",""channelMixOther"":"""",""city"":""Delhi-NCR (Gurgaon)"",""ageBracket"":""25_34"",""lifeStage"":""working_partnered""}"
"BS2-cf02dfb741bcbb6c","23/09/2026 16:45:20","2026-09-23T11:15:18.210Z","2.5","en","TRUE","TRUE","zepto","","ran_out","","dairy_bread_eggs","","one","two_three","200_399","[""dairy_bread_eggs"",""prepared_food_cafe""]","","[""immediate_checkout""]","no","","","","","need_complete","","no","","","delivery_speed","","Just got milk and brown bread in 8 mins before leaving for gym.","","","","","ignored","local_bulk","","Kolkata","25_34","working_alone","{""responseId"":""BS2-cf02dfb741bcbb6c"",""clientTimestamp"":""2026-09-23T11:15:18.210Z"",""surveyVersion"":""2.5"",""language"":""en"",""consent"":true,""eligible"":true,""recentMethod"":""zepto"",""recentMethodOther"":"""",""mission"":""ran_out"",""missionOther"":"""",""firstNeed"":""dairy_bread_eggs"",""firstNeedOther"":"""",""householdSize"":""one"",""items"":""two_three"",""spend"":""200_399"",""categories"":[""dairy_bread_eggs"",""prepared_food_cafe""],""categoriesOther"":"""",""expansionPattern"":[""immediate_checkout""],""considered"":""no"",""consideredCategory"":"""",""consideredCategoryOther"":"""",""stopReason"":"""",""stopReasonOther"":"""",""basketStopWhy"":""need_complete"",""basketStopWhyOther"":"""",""thresholdNoticed"":""no"",""thresholdAction"":"""",""thresholdActionOther"":"""",""zeptoWhy"":""delivery_speed"",""zeptoWhyOther"":"""",""zeptoCheckoutMoment"":""Just got milk and brown bread in 8 mins before leaving for gym."",""altWhy"":"""",""altWhyOther"":"""",""consideredZepto"":"""",""altZeptoGap"":"""",""receptivity"":""ignored"",""channelMix"":""local_bulk"",""channelMixOther"":"""",""city"":""Kolkata"",""ageBracket"":""25_34"",""lifeStage"":""working_alone""}"
"BS2-b0ef68b108ebd80f","23/09/2026 16:45:38","2026-09-23T11:15:36.658Z","2.5","en","TRUE","TRUE","zepto","","discovery","","prepared_food_cafe","","two","four_six","400_699","[""prepared_food_cafe"",""snacks_sweets_beverages""]","","[""unplanned_browse""]","yes","snacks_sweets_beverages","","control_spend","","","","yes","added_useful","","convenience","","Ordered coffee and croissant from Zepto Cafe while working from home.","","","","","added_item","supermarket_bulk","","Pune","25_34","working_alone","{""responseId"":""BS2-b0ef68b108ebd80f"",""clientTimestamp"":""2026-09-23T11:15:36.658Z"",""surveyVersion"":""2.5"",""language"":""en"",""consent"":true,""eligible"":true,""recentMethod"":""zepto"",""recentMethodOther"":"""",""mission"":""discovery"",""missionOther"":"""",""firstNeed"":""prepared_food_cafe"",""firstNeedOther"":"""",""householdSize"":""two"",""items"":""four_six"",""spend"":""400_699"",""categories"":[""prepared_food_cafe"",""snacks_sweets_beverages""],""categoriesOther"":"""",""expansionPattern"":[""unplanned_browse""],""considered"":""yes"",""consideredCategory"":""snacks_sweets_beverages"",""consideredCategoryOther"":"""",""stopReason"":""control_spend"",""stopReasonOther"":"""",""basketStopWhy"":"""",""basketStopWhyOther"":"""",""thresholdNoticed"":""yes"",""thresholdAction"":""added_useful"",""thresholdActionOther"":"""",""zeptoWhy"":""convenience"",""zeptoWhyOther"":"""",""zeptoCheckoutMoment"":""Ordered coffee and croissant from Zepto Cafe while working from home."",""altWhy"":"""",""altWhyOther"":"""",""consideredZepto"":"""",""altZeptoGap"":"""",""receptivity"":""added_item"",""channelMix"":""supermarket_bulk"",""channelMixOther"":"""",""city"":""Pune"",""ageBracket"":""25_34"",""lifeStage"":""working_alone""}"
"BS2-76e4b7c6802f2de4","23/09/2026 16:45:44","2026-09-23T11:15:42.984Z","2.5","en","TRUE","TRUE","local_store","","planned_top_up","","fresh_produce","","two","four_six","200_399","[""fresh_produce"",""dairy_bread_eggs""]","","[""planned_items""]","no","","","","","","","no","","","","","","habit","","no","Prefer inspecting vegetables by hand at the local vendor.","ignored","local_bulk","","Delhi-NCR (Noida)","55_plus","working_partnered","{""responseId"":""BS2-76e4b7c6802f2de4"",""clientTimestamp"":""2026-09-23T11:15:42.984Z"",""surveyVersion"":""2.5"",""language"":""en"",""consent"":true,""eligible"":true,""recentMethod"":""local_store"",""recentMethodOther"":"""",""mission"":""planned_top_up"",""missionOther"":"""",""firstNeed"":""fresh_produce"",""firstNeedOther"":"""",""householdSize"":""two"",""items"":""four_six"",""spend"":""200_399"",""categories"":[""fresh_produce"",""dairy_bread_eggs""],""categoriesOther"":"""",""expansionPattern"":[""planned_items""],""considered"":""no"",""consideredCategory"":"""",""consideredCategoryOther"":"""",""stopReason"":"""",""stopReasonOther"":"""",""basketStopWhy"":"""",""basketStopWhyOther"":"""",""thresholdNoticed"":""no"",""thresholdAction"":"""",""thresholdActionOther"":"""",""zeptoWhy"":"""",""zeptoWhyOther"":"""",""zeptoCheckoutMoment"":"""",""altWhy"":""habit"",""altWhyOther"":"""",""consideredZepto"":""no"",""altZeptoGap"":""Prefer inspecting vegetables by hand at the local vendor."",""receptivity"":""ignored"",""channelMix"":""local_bulk"",""channelMixOther"":"""",""city"":""Delhi-NCR (Noida)"",""ageBracket"":""55_plus"",""lifeStage"":""working_partnered""}"
"BS2-6d07e138a309938b","23/09/2026 16:45:51","2026-09-23T11:15:49.575Z","2.5","en","TRUE","TRUE","zepto","","offer_led","","snacks_sweets_beverages","","two","seven_ten","400_699","[""snacks_sweets_beverages"",""beauty_personal_wellness""]","","[""threshold_add"",""unplanned_browse""]","yes","fashion_toys_lifestyle","","control_spend","","","","yes","added_to_unlock","","price_offer","","Added instant noodles to claim Rs 100 flat discount coupon.","","","","","added_item","different_quick_commerce","","Bengaluru","18_24","student","{""responseId"":""BS2-6d07e138a309938b"",""clientTimestamp"":""2026-09-23T11:15:49.575Z"",""surveyVersion"":""2.5"",""language"":""en"",""consent"":true,""eligible"":true,""recentMethod"":""zepto"",""recentMethodOther"":"""",""mission"":""offer_led"",""missionOther"":"""",""firstNeed"":""snacks_sweets_beverages"",""firstNeedOther"":"""",""householdSize"":""two"",""items"":""seven_ten"",""spend"":""400_699"",""categories"":[""snacks_sweets_beverages"",""beauty_personal_wellness""],""categoriesOther"":"""",""expansionPattern"":[""threshold_add"",""unplanned_browse""],""considered"":""yes"",""consideredCategory"":""fashion_toys_lifestyle"",""consideredCategoryOther"":"""",""stopReason"":""control_spend"",""stopReasonOther"":"""",""basketStopWhy"":"""",""basketStopWhyOther"":"""",""thresholdNoticed"":""yes"",""thresholdAction"":""added_to_unlock"",""thresholdActionOther"":"""",""zeptoWhy"":""price_offer"",""zeptoWhyOther"":"""",""zeptoCheckoutMoment"":""Added instant noodles to claim Rs 100 flat discount coupon."",""altWhy"":"""",""altWhyOther"":"""",""consideredZepto"":"""",""altZeptoGap"":"""",""receptivity"":""added_item"",""channelMix"":""different_quick_commerce"",""channelMixOther"":"""",""city"":""Bengaluru"",""ageBracket"":""18_24"",""lifeStage"":""student""}"
"BS2-64ba803cc4e93445","23/09/2026 16:46:10","2026-09-23T11:16:08.693Z","2.5","en","TRUE","TRUE","blinkit","","urgent","","fresh_produce","","two","four_six","400_699","[""fresh_produce"",""dairy_bread_eggs"",""meat_seafood_frozen""]","","[""planned_items""]","yes","snacks_sweets_beverages","","quality_concern","","","","yes","added_useful","","","","","delivery_speed","","yes","Blinkit had fresh fish cut available in stock in Kolkata.","looked_no_add","local_bulk","","Kolkata","25_34","working_partnered","{""responseId"":""BS2-64ba803cc4e93445"",""clientTimestamp"":""2026-09-23T11:16:08.693Z"",""surveyVersion"":""2.5"",""language"":""en"",""consent"":true,""eligible"":true,""recentMethod"":""blinkit"",""recentMethodOther"":"""",""mission"":""urgent"",""missionOther"":"""",""firstNeed"":""fresh_produce"",""firstNeedOther"":"""",""householdSize"":""two"",""items"":""four_six"",""spend"":""400_699"",""categories"":[""fresh_produce"",""dairy_bread_eggs"",""meat_seafood_frozen""],""categoriesOther"":"""",""expansionPattern"":[""planned_items""],""considered"":""yes"",""consideredCategory"":""snacks_sweets_beverages"",""consideredCategoryOther"":"""",""stopReason"":""quality_concern"",""stopReasonOther"":"""",""basketStopWhy"":"""",""basketStopWhyOther"":"""",""thresholdNoticed"":""yes"",""thresholdAction"":""added_useful"",""thresholdActionOther"":"""",""zeptoWhy"":"""",""zeptoWhyOther"":"""",""zeptoCheckoutMoment"":"""",""altWhy"":""delivery_speed"",""altWhyOther"":"""",""consideredZepto"":""yes"",""altZeptoGap"":""Blinkit had fresh fish cut available in stock in Kolkata."",""receptivity"":""looked_no_add"",""channelMix"":""local_bulk"",""channelMixOther"":"""",""city"":""Kolkata"",""ageBracket"":""25_34"",""lifeStage"":""working_partnered""}"
"BS2-2980bdcf549ce5f3","23/09/2026 16:46:30","2026-09-23T11:16:28.237Z","2.5","en","TRUE","TRUE","zepto","","ran_out","","snacks_sweets_beverages","","one","one","below_200","[""snacks_sweets_beverages""]","","[""immediate_checkout""]","no","","","","","control_spend","","yes","paid_fee","","delivery_speed","","Just wanted one cold drink late evening.","","","","","ignored","different_quick_commerce","","Hyderabad","18_24","working_alone","{""responseId"":""BS2-2980bdcf549ce5f3"",""clientTimestamp"":""2026-09-23T11:16:28.237Z"",""surveyVersion"":""2.5"",""language"":""en"",""consent"":true,""eligible"":true,""recentMethod"":""zepto"",""recentMethodOther"":"""",""mission"":""ran_out"",""missionOther"":"""",""firstNeed"":""snacks_sweets_beverages"",""firstNeedOther"":"""",""householdSize"":""one"",""items"":""one"",""spend"":""below_200"",""categories"":[""snacks_sweets_beverages""],""categoriesOther"":"""",""expansionPattern"":[""immediate_checkout""],""considered"":""no"",""consideredCategory"":"""",""consideredCategoryOther"":"""",""stopReason"":"""",""stopReasonOther"":"""",""basketStopWhy"":""control_spend"",""basketStopWhyOther"":"""",""thresholdNoticed"":""yes"",""thresholdAction"":""paid_fee"",""thresholdActionOther"":"""",""zeptoWhy"":""delivery_speed"",""zeptoWhyOther"":"""",""zeptoCheckoutMoment"":""Just wanted one cold drink late evening."",""altWhy"":"""",""altWhyOther"":"""",""consideredZepto"":"""",""altZeptoGap"":"""",""receptivity"":""ignored"",""channelMix"":""different_quick_commerce"",""channelMixOther"":"""",""city"":""Hyderabad"",""ageBracket"":""18_24"",""lifeStage"":""working_alone""}"
"BS2-9de1887295aedf95","23/09/2026 16:46:51","2026-09-23T11:16:49.378Z","2.5","en","TRUE","TRUE","zepto","","planned_top_up","","fresh_produce","","one","four_six","400_699","[""fresh_produce"",""dairy_bread_eggs""]","","[""planned_items"",""threshold_add""]","yes","household_home_kitchen","","too_expensive","","","","yes","added_useful","","delivery_reliability","","Added curd to hit Rs 299 free delivery.","","","","","looked_no_add","same_app","","Delhi-NCR (Delhi)","25_34","working_alone","{""responseId"":""BS2-9de1887295aedf95"",""clientTimestamp"":""2026-09-23T11:16:49.378Z"",""surveyVersion"":""2.5"",""language"":""en"",""consent"":true,""eligible"":true,""recentMethod"":""zepto"",""recentMethodOther"":"""",""mission"":""planned_top_up"",""missionOther"":"""",""firstNeed"":""fresh_produce"",""firstNeedOther"":"""",""householdSize"":""one"",""items"":""four_six"",""spend"":""400_699"",""categories"":[""fresh_produce"",""dairy_bread_eggs""],""categoriesOther"":"""",""expansionPattern"":[""planned_items"",""threshold_add""],""considered"":""yes"",""consideredCategory"":""household_home_kitchen"",""consideredCategoryOther"":"""",""stopReason"":""too_expensive"",""stopReasonOther"":"""",""basketStopWhy"":"""",""basketStopWhyOther"":"""",""thresholdNoticed"":""yes"",""thresholdAction"":""added_useful"",""thresholdActionOther"":"""",""zeptoWhy"":""delivery_reliability"",""zeptoWhyOther"":"""",""zeptoCheckoutMoment"":""Added curd to hit Rs 299 free delivery."",""altWhy"":"""",""altWhyOther"":"""",""consideredZepto"":"""",""altZeptoGap"":"""",""receptivity"":""looked_no_add"",""channelMix"":""same_app"",""channelMixOther"":"""",""city"":""Delhi-NCR (Delhi)"",""ageBracket"":""25_34"",""lifeStage"":""working_alone""}"
"BS2-7242510225a4db4d","23/09/2026 16:46:57","2026-09-23T11:16:55.931Z","2.5","en","TRUE","TRUE","instamart","","urgent","","household_home_kitchen","","three_four","two_three","200_399","[""household_home_kitchen"",""dairy_bread_eggs""]","","[""planned_items""]","no","","","","","","","yes","paid_fee","","","","","delivery_speed","","yes","Instamart had dishwashing liquid liquid refill pouch in stock.","ignored","supermarket_bulk","","Bengaluru","35_44","family_with_children","{""responseId"":""BS2-7242510225a4db4d"",""clientTimestamp"":""2026-09-23T11:16:55.931Z"",""surveyVersion"":""2.5"",""language"":""en"",""consent"":true,""eligible"":true,""recentMethod"":""instamart"",""recentMethodOther"":"""",""mission"":""urgent"",""missionOther"":"""",""firstNeed"":""household_home_kitchen"",""firstNeedOther"":"""",""householdSize"":""three_four"",""items"":""two_three"",""spend"":""200_399"",""categories"":[""household_home_kitchen"",""dairy_bread_eggs""],""categoriesOther"":"""",""expansionPattern"":[""planned_items""],""considered"":""no"",""consideredCategory"":"""",""consideredCategoryOther"":"""",""stopReason"":"""",""stopReasonOther"":"""",""basketStopWhy"":"""",""basketStopWhyOther"":"""",""thresholdNoticed"":""yes"",""thresholdAction"":""paid_fee"",""thresholdActionOther"":"""",""zeptoWhy"":"""",""zeptoWhyOther"":"""",""zeptoCheckoutMoment"":"""",""altWhy"":""delivery_speed"",""altWhyOther"":"""",""consideredZepto"":""yes"",""altZeptoGap"":""Instamart had dishwashing liquid liquid refill pouch in stock."",""receptivity"":""ignored"",""channelMix"":""supermarket_bulk"",""channelMixOther"":"""",""city"":""Bengaluru"",""ageBracket"":""35_44"",""lifeStage"":""family_with_children""}"
"BS2-1323338c828186baea8cb777","23/09/2026 16:46:58","2026-09-23T11:16:55.144Z","2.5","en","TRUE","TRUE","blinkit","","stock_up","","","","three_four","four_six","400_699","[""dairy_bread_eggs""]","","[""planned_items""]","no","","","","","","","yes","added_useful","","","","","delivery_reliability","","no","Zepto don’t provide delivery to our location","ignored","supermarket_bulk","","Hyderabad","25_34","family_with_children","{""responseId"":""BS2-1323338c828186baea8cb777"",""clientTimestamp"":""2026-09-23T11:16:55.144Z"",""surveyVersion"":""2.5"",""language"":""en"",""consent"":true,""eligible"":true,""recentMethod"":""blinkit"",""recentMethodOther"":"""",""mission"":""stock_up"",""missionOther"":"""",""firstNeed"":"""",""firstNeedOther"":"""",""householdSize"":""three_four"",""items"":""four_six"",""spend"":""400_699"",""categories"":[""dairy_bread_eggs""],""categoriesOther"":"""",""expansionPattern"":[""planned_items""],""considered"":""no"",""consideredCategory"":"""",""consideredCategoryOther"":"""",""stopReason"":"""",""stopReasonOther"":"""",""basketStopWhy"":"""",""basketStopWhyOther"":"""",""thresholdNoticed"":""yes"",""thresholdAction"":""added_useful"",""thresholdActionOther"":"""",""zeptoWhy"":"""",""zeptoWhyOther"":"""",""zeptoCheckoutMoment"":"""",""altWhy"":""delivery_reliability"",""altWhyOther"":"""",""consideredZepto"":""no"",""altZeptoGap"":""Zepto don’t provide delivery to our location"",""receptivity"":""ignored"",""channelMix"":""supermarket_bulk"",""channelMixOther"":"""",""city"":""Hyderabad"",""ageBracket"":""25_34"",""lifeStage"":""family_with_children""}"
"BS2-5a79254f9bd50c89","23/09/2026 16:47:04","2026-09-23T11:17:02.698Z","2.5","en","TRUE","TRUE","zepto","","discovery","","prepared_food_cafe","","two","two_three","200_399","[""prepared_food_cafe"",""snacks_sweets_beverages""]","","[""unplanned_browse""]","yes","snacks_sweets_beverages","","control_spend","","","","yes","added_to_unlock","","recommendation","","Tried Zepto Cafe sandwich after a roommate recommended it.","","","","","added_item","local_bulk","","Ahmedabad","18_24","student","{""responseId"":""BS2-5a79254f9bd50c89"",""clientTimestamp"":""2026-09-23T11:17:02.698Z"",""surveyVersion"":""2.5"",""language"":""en"",""consent"":true,""eligible"":true,""recentMethod"":""zepto"",""recentMethodOther"":"""",""mission"":""discovery"",""missionOther"":"""",""firstNeed"":""prepared_food_cafe"",""firstNeedOther"":"""",""householdSize"":""two"",""items"":""two_three"",""spend"":""200_399"",""categories"":[""prepared_food_cafe"",""snacks_sweets_beverages""],""categoriesOther"":"""",""expansionPattern"":[""unplanned_browse""],""considered"":""yes"",""consideredCategory"":""snacks_sweets_beverages"",""consideredCategoryOther"":"""",""stopReason"":""control_spend"",""stopReasonOther"":"""",""basketStopWhy"":"""",""basketStopWhyOther"":"""",""thresholdNoticed"":""yes"",""thresholdAction"":""added_to_unlock"",""thresholdActionOther"":"""",""zeptoWhy"":""recommendation"",""zeptoWhyOther"":"""",""zeptoCheckoutMoment"":""Tried Zepto Cafe sandwich after a roommate recommended it."",""altWhy"":"""",""altWhyOther"":"""",""consideredZepto"":"""",""altZeptoGap"":"""",""receptivity"":""added_item"",""channelMix"":""local_bulk"",""channelMixOther"":"""",""city"":""Ahmedabad"",""ageBracket"":""18_24"",""lifeStage"":""student""}"
"BS2-570c901465e4bad7","23/09/2026 16:47:22","2026-09-23T11:17:20.573Z","2.5","en","TRUE","TRUE","zepto","","ran_out","","dairy_bread_eggs","","two","four_six","400_699","[""dairy_bread_eggs"",""snacks_sweets_beverages"",""staples_packaged_cooking""]","","[""planned_items"",""threshold_add""]","yes","meat_seafood_frozen","","buy_elsewhere","","","","yes","added_useful","","delivery_speed","","Added butter and tea bags to reach minimum cart limit.","","","","","added_item","supermarket_bulk","","Kolkata","35_44","working_partnered","{""responseId"":""BS2-570c901465e4bad7"",""clientTimestamp"":""2026-09-23T11:17:20.573Z"",""surveyVersion"":""2.5"",""language"":""en"",""consent"":true,""eligible"":true,""recentMethod"":""zepto"",""recentMethodOther"":"""",""mission"":""ran_out"",""missionOther"":"""",""firstNeed"":""dairy_bread_eggs"",""firstNeedOther"":"""",""householdSize"":""two"",""items"":""four_six"",""spend"":""400_699"",""categories"":[""dairy_bread_eggs"",""snacks_sweets_beverages"",""staples_packaged_cooking""],""categoriesOther"":"""",""expansionPattern"":[""planned_items"",""threshold_add""],""considered"":""yes"",""consideredCategory"":""meat_seafood_frozen"",""consideredCategoryOther"":"""",""stopReason"":""buy_elsewhere"",""stopReasonOther"":"""",""basketStopWhy"":"""",""basketStopWhyOther"":"""",""thresholdNoticed"":""yes"",""thresholdAction"":""added_useful"",""thresholdActionOther"":"""",""zeptoWhy"":""delivery_speed"",""zeptoWhyOther"":"""",""zeptoCheckoutMoment"":""Added butter and tea bags to reach minimum cart limit."",""altWhy"":"""",""altWhyOther"":"""",""consideredZepto"":"""",""altZeptoGap"":"""",""receptivity"":""added_item"",""channelMix"":""supermarket_bulk"",""channelMixOther"":"""",""city"":""Kolkata"",""ageBracket"":""35_44"",""lifeStage"":""working_partnered""}"
"BS2-011e0f78b3c70693e1e9c295","23/09/2026 16:47:28","2026-09-23T11:17:25.970Z","2.5","te","TRUE","TRUE","blinkit","","urgent","","fresh_produce","","one","four_six","200_399","[""fresh_produce""]","","[""do_not_remember""]","not_sure","","","","","","","yes","added_useful","","","","","delivery_reliability","","yes","","looked_no_add","supermarket_bulk","","Hyderabad","25_34","family_with_children","{""responseId"":""BS2-011e0f78b3c70693e1e9c295"",""clientTimestamp"":""2026-09-23T11:17:25.970Z"",""surveyVersion"":""2.5"",""language"":""te"",""consent"":true,""eligible"":true,""recentMethod"":""blinkit"",""recentMethodOther"":"""",""mission"":""urgent"",""missionOther"":"""",""firstNeed"":""fresh_produce"",""firstNeedOther"":"""",""householdSize"":""one"",""items"":""four_six"",""spend"":""200_399"",""categories"":[""fresh_produce""],""categoriesOther"":"""",""expansionPattern"":[""do_not_remember""],""considered"":""not_sure"",""consideredCategory"":"""",""consideredCategoryOther"":"""",""stopReason"":"""",""stopReasonOther"":"""",""basketStopWhy"":"""",""basketStopWhyOther"":"""",""thresholdNoticed"":""yes"",""thresholdAction"":""added_useful"",""thresholdActionOther"":"""",""zeptoWhy"":"""",""zeptoWhyOther"":"""",""zeptoCheckoutMoment"":"""",""altWhy"":""delivery_reliability"",""altWhyOther"":"""",""consideredZepto"":""yes"",""altZeptoGap"":"""",""receptivity"":""looked_no_add"",""channelMix"":""supermarket_bulk"",""channelMixOther"":"""",""city"":""Hyderabad"",""ageBracket"":""25_34"",""lifeStage"":""family_with_children""}"
"BS2-23a8939e5deb38e7931acd86","23/09/2026 16:47:38","2026-09-23T11:17:36.338Z","2.5","en","TRUE","TRUE","blinkit","","urgent","","dairy_bread_eggs","","two","two_three","200_399","[""dairy_bread_eggs""]","","[""unplanned_browse""]","yes","fresh_produce","","too_expensive","","","","no","","","","","","availability","","yes","Bag six Hmm public","ignored","no_separate_bulk","","Vizianagaram","25_34","working_alone","{""responseId"":""BS2-23a8939e5deb38e7931acd86"",""clientTimestamp"":""2026-09-23T11:17:36.338Z"",""surveyVersion"":""2.5"",""language"":""en"",""consent"":true,""eligible"":true,""recentMethod"":""blinkit"",""recentMethodOther"":"""",""mission"":""urgent"",""missionOther"":"""",""firstNeed"":""dairy_bread_eggs"",""firstNeedOther"":"""",""householdSize"":""two"",""items"":""two_three"",""spend"":""200_399"",""categories"":[""dairy_bread_eggs""],""categoriesOther"":"""",""expansionPattern"":[""unplanned_browse""],""considered"":""yes"",""consideredCategory"":""fresh_produce"",""consideredCategoryOther"":"""",""stopReason"":""too_expensive"",""stopReasonOther"":"""",""basketStopWhy"":"""",""basketStopWhyOther"":"""",""thresholdNoticed"":""no"",""thresholdAction"":"""",""thresholdActionOther"":"""",""zeptoWhy"":"""",""zeptoWhyOther"":"""",""zeptoCheckoutMoment"":"""",""altWhy"":""availability"",""altWhyOther"":"""",""consideredZepto"":""yes"",""altZeptoGap"":""Bag six Hmm public"",""receptivity"":""ignored"",""channelMix"":""no_separate_bulk"",""channelMixOther"":"""",""city"":""Vizianagaram"",""ageBracket"":""25_34"",""lifeStage"":""working_alone""}"
"BS2-12c25dcd301486b3","23/09/2026 16:47:46","2026-09-23T11:17:44.678Z","2.5","en","TRUE","TRUE","blinkit","","urgent","","electronics_mobile","","two","two_three","1000_plus","[""electronics_mobile"",""snacks_sweets_beverages""]","","[""planned_items""]","no","","","","","","","yes","no_change","","","","","availability","","yes","Blinkit had iPhone charger cable in 10-min delivery stock.","found_pushy","supermarket_bulk","","Pune","25_34","working_partnered","{""responseId"":""BS2-12c25dcd301486b3"",""clientTimestamp"":""2026-09-23T11:17:44.678Z"",""surveyVersion"":""2.5"",""language"":""en"",""consent"":true,""eligible"":true,""recentMethod"":""blinkit"",""recentMethodOther"":"""",""mission"":""urgent"",""missionOther"":"""",""firstNeed"":""electronics_mobile"",""firstNeedOther"":"""",""householdSize"":""two"",""items"":""two_three"",""spend"":""1000_plus"",""categories"":[""electronics_mobile"",""snacks_sweets_beverages""],""categoriesOther"":"""",""expansionPattern"":[""planned_items""],""considered"":""no"",""consideredCategory"":"""",""consideredCategoryOther"":"""",""stopReason"":"""",""stopReasonOther"":"""",""basketStopWhy"":"""",""basketStopWhyOther"":"""",""thresholdNoticed"":""yes"",""thresholdAction"":""no_change"",""thresholdActionOther"":"""",""zeptoWhy"":"""",""zeptoWhyOther"":"""",""zeptoCheckoutMoment"":"""",""altWhy"":""availability"",""altWhyOther"":"""",""consideredZepto"":""yes"",""altZeptoGap"":""Blinkit had iPhone charger cable in 10-min delivery stock."",""receptivity"":""found_pushy"",""channelMix"":""supermarket_bulk"",""channelMixOther"":"""",""city"":""Pune"",""ageBracket"":""25_34"",""lifeStage"":""working_partnered""}"
"BS2-3260a42a51233b9d","23/09/2026 16:47:51","2026-09-23T11:17:50.101Z","2.5","en","TRUE","TRUE","zepto","","offer_led","","beauty_personal_wellness","","one","four_six","700_999","[""beauty_personal_wellness"",""snacks_sweets_beverages""]","","[""threshold_add"",""unplanned_browse""]","yes","fashion_toys_lifestyle","","control_spend","","","","yes","added_to_unlock","","price_offer","","Super Saver Week discounts made me order face wash and Korean ramen.","","","","","added_item","different_quick_commerce","","Chandigarh","25_34","working_alone","{""responseId"":""BS2-3260a42a51233b9d"",""clientTimestamp"":""2026-09-23T11:17:50.101Z"",""surveyVersion"":""2.5"",""language"":""en"",""consent"":true,""eligible"":true,""recentMethod"":""zepto"",""recentMethodOther"":"""",""mission"":""offer_led"",""missionOther"":"""",""firstNeed"":""beauty_personal_wellness"",""firstNeedOther"":"""",""householdSize"":""one"",""items"":""four_six"",""spend"":""700_999"",""categories"":[""beauty_personal_wellness"",""snacks_sweets_beverages""],""categoriesOther"":"""",""expansionPattern"":[""threshold_add"",""unplanned_browse""],""considered"":""yes"",""consideredCategory"":""fashion_toys_lifestyle"",""consideredCategoryOther"":"""",""stopReason"":""control_spend"",""stopReasonOther"":"""",""basketStopWhy"":"""",""basketStopWhyOther"":"""",""thresholdNoticed"":""yes"",""thresholdAction"":""added_to_unlock"",""thresholdActionOther"":"""",""zeptoWhy"":""price_offer"",""zeptoWhyOther"":"""",""zeptoCheckoutMoment"":""Super Saver Week discounts made me order face wash and Korean ramen."",""altWhy"":"""",""altWhyOther"":"""",""consideredZepto"":"""",""altZeptoGap"":"""",""receptivity"":""added_item"",""channelMix"":""different_quick_commerce"",""channelMixOther"":"""",""city"":""Chandigarh"",""ageBracket"":""25_34"",""lifeStage"":""working_alone""}"
"BS2-9f6b64a3275f04c3","23/09/2026 16:48:09","2026-09-23T11:18:07.478Z","2.5","en","TRUE","TRUE","zepto","","ran_out","","beauty_personal_wellness","","one","two_three","400_699","[""beauty_personal_wellness"",""dairy_bread_eggs""]","","[""planned_items""]","yes","prepared_food_cafe","","buy_later","","","","yes","added_useful","","delivery_speed","","Ran out of shampoo, added almond milk to qualify for free delivery.","","","","","looked_no_add","same_app","","Bengaluru","25_34","working_alone","{""responseId"":""BS2-9f6b64a3275f04c3"",""clientTimestamp"":""2026-09-23T11:18:07.478Z"",""surveyVersion"":""2.5"",""language"":""en"",""consent"":true,""eligible"":true,""recentMethod"":""zepto"",""recentMethodOther"":"""",""mission"":""ran_out"",""missionOther"":"""",""firstNeed"":""beauty_personal_wellness"",""firstNeedOther"":"""",""householdSize"":""one"",""items"":""two_three"",""spend"":""400_699"",""categories"":[""beauty_personal_wellness"",""dairy_bread_eggs""],""categoriesOther"":"""",""expansionPattern"":[""planned_items""],""considered"":""yes"",""consideredCategory"":""prepared_food_cafe"",""consideredCategoryOther"":"""",""stopReason"":""buy_later"",""stopReasonOther"":"""",""basketStopWhy"":"""",""basketStopWhyOther"":"""",""thresholdNoticed"":""yes"",""thresholdAction"":""added_useful"",""thresholdActionOther"":"""",""zeptoWhy"":""delivery_speed"",""zeptoWhyOther"":"""",""zeptoCheckoutMoment"":""Ran out of shampoo, added almond milk to qualify for free delivery."",""altWhy"":"""",""altWhyOther"":"""",""consideredZepto"":"""",""altZeptoGap"":"""",""receptivity"":""looked_no_add"",""channelMix"":""same_app"",""channelMixOther"":"""",""city"":""Bengaluru"",""ageBracket"":""25_34"",""lifeStage"":""working_alone""}"
"BS2-1dea17cc916d533cf70c1ac5","23/09/2026 16:51:10","2026-09-23T11:21:07.110Z","2.5","en","TRUE","TRUE","blinkit","","urgent","","fresh_produce","","three_four","four_six","400_699","[""fresh_produce"",""dairy_bread_eggs"",""staples_packaged_cooking"",""beauty_personal_wellness"",""household_home_kitchen""]","","[""threshold_add"",""removed_items""]","yes","beauty_personal_wellness","","control_spend","","","","yes","added_to_unlock","","","","","delivery_reliability","","no","Offers","not_sure","local_bulk","","Vizag","35_44","family_with_children","{""responseId"":""BS2-1dea17cc916d533cf70c1ac5"",""clientTimestamp"":""2026-09-23T11:21:07.110Z"",""surveyVersion"":""2.5"",""language"":""en"",""consent"":true,""eligible"":true,""recentMethod"":""blinkit"",""recentMethodOther"":"""",""mission"":""urgent"",""missionOther"":"""",""firstNeed"":""fresh_produce"",""firstNeedOther"":"""",""householdSize"":""three_four"",""items"":""four_six"",""spend"":""400_699"",""categories"":[""fresh_produce"",""dairy_bread_eggs"",""staples_packaged_cooking"",""beauty_personal_wellness"",""household_home_kitchen""],""categoriesOther"":"""",""expansionPattern"":[""threshold_add"",""removed_items""],""considered"":""yes"",""consideredCategory"":""beauty_personal_wellness"",""consideredCategoryOther"":"""",""stopReason"":""control_spend"",""stopReasonOther"":"""",""basketStopWhy"":"""",""basketStopWhyOther"":"""",""thresholdNoticed"":""yes"",""thresholdAction"":""added_to_unlock"",""thresholdActionOther"":"""",""zeptoWhy"":"""",""zeptoWhyOther"":"""",""zeptoCheckoutMoment"":"""",""altWhy"":""delivery_reliability"",""altWhyOther"":"""",""consideredZepto"":""no"",""altZeptoGap"":""Offers"",""receptivity"":""not_sure"",""channelMix"":""local_bulk"",""channelMixOther"":"""",""city"":""Vizag"",""ageBracket"":""35_44"",""lifeStage"":""family_with_children""}"
"BS2-b9c55ca81fdd5ae8af9b8bac","23/09/2026 17:07:25","2026-09-23T11:37:21.755Z","2.5","en","TRUE","TRUE","instamart","","planned_top_up","","household_home_kitchen","","three_four","four_six","400_699","[""household_home_kitchen""]","","[""planned_items""]","yes","household_home_kitchen","","buy_elsewhere","","","","yes","added_useful","","","","","price_offer","","yes","Worth it","looked_no_add","local_bulk","","Visakhapatnam","45_54","family_with_children","{""responseId"":""BS2-b9c55ca81fdd5ae8af9b8bac"",""clientTimestamp"":""2026-09-23T11:37:21.755Z"",""surveyVersion"":""2.5"",""language"":""en"",""consent"":true,""eligible"":true,""recentMethod"":""instamart"",""recentMethodOther"":"""",""mission"":""planned_top_up"",""missionOther"":"""",""firstNeed"":""household_home_kitchen"",""firstNeedOther"":"""",""householdSize"":""three_four"",""items"":""four_six"",""spend"":""400_699"",""categories"":[""household_home_kitchen""],""categoriesOther"":"""",""expansionPattern"":[""planned_items""],""considered"":""yes"",""consideredCategory"":""household_home_kitchen"",""consideredCategoryOther"":"""",""stopReason"":""buy_elsewhere"",""stopReasonOther"":"""",""basketStopWhy"":"""",""basketStopWhyOther"":"""",""thresholdNoticed"":""yes"",""thresholdAction"":""added_useful"",""thresholdActionOther"":"""",""zeptoWhy"":"""",""zeptoWhyOther"":"""",""zeptoCheckoutMoment"":"""",""altWhy"":""price_offer"",""altWhyOther"":"""",""consideredZepto"":""yes"",""altZeptoGap"":""Worth it"",""receptivity"":""looked_no_add"",""channelMix"":""local_bulk"",""channelMixOther"":"""",""city"":""Visakhapatnam"",""ageBracket"":""45_54"",""lifeStage"":""family_with_children""}"
"BS2-e3759665dd7801faba17c4db","23/09/2026 17:56:59","2026-09-23T12:26:56.086Z","2.5","en","TRUE","TRUE","zepto","","urgent","","snacks_sweets_beverages","","two","more_than_ten","200_399","[""snacks_sweets_beverages""]","","[""unplanned_browse""]","no","","","","","","","yes","added_useful","","convenience","","I am buying extra item. Which my be not required but if I don’t buy I have to pay delivery fee so.","","","","","added_item","supermarket_bulk","","Kolkata","25_34","working_partnered","{""responseId"":""BS2-e3759665dd7801faba17c4db"",""clientTimestamp"":""2026-09-23T12:26:56.086Z"",""surveyVersion"":""2.5"",""language"":""en"",""consent"":true,""eligible"":true,""recentMethod"":""zepto"",""recentMethodOther"":"""",""mission"":""urgent"",""missionOther"":"""",""firstNeed"":""snacks_sweets_beverages"",""firstNeedOther"":"""",""householdSize"":""two"",""items"":""more_than_ten"",""spend"":""200_399"",""categories"":[""snacks_sweets_beverages""],""categoriesOther"":"""",""expansionPattern"":[""unplanned_browse""],""considered"":""no"",""consideredCategory"":"""",""consideredCategoryOther"":"""",""stopReason"":"""",""stopReasonOther"":"""",""basketStopWhy"":"""",""basketStopWhyOther"":"""",""thresholdNoticed"":""yes"",""thresholdAction"":""added_useful"",""thresholdActionOther"":"""",""zeptoWhy"":""convenience"",""zeptoWhyOther"":"""",""zeptoCheckoutMoment"":""I am buying extra item. Which my be not required but if I don’t buy I have to pay delivery fee so."",""altWhy"":"""",""altWhyOther"":"""",""consideredZepto"":"""",""altZeptoGap"":"""",""receptivity"":""added_item"",""channelMix"":""supermarket_bulk"",""channelMixOther"":"""",""city"":""Kolkata"",""ageBracket"":""25_34"",""lifeStage"":""working_partnered""}"
"BS2-2c6f0c3725e9a6e6","23/09/2026 19:08:09","2026-09-23T13:38:06.628Z","2.5","en","TRUE","TRUE","zepto","","urgent","","prepared_food_cafe","","one","two_three","200_399","[""prepared_food_cafe"",""snacks_sweets_beverages""]","","[""unplanned_browse"",""threshold_add""]","yes","beauty_personal_wellness","","control_spend","","","","yes","added_useful","","delivery_speed","","Needed iced Americano from Zepto Cafe at 8:30 AM before my morning standup call.","","","","","added_item","different_quick_commerce","","Bengaluru (Koramangala)","25_34","working_alone","{""responseId"":""BS2-2c6f0c3725e9a6e6"",""clientTimestamp"":""2026-09-23T13:38:06.628Z"",""surveyVersion"":""2.5"",""language"":""en"",""consent"":true,""eligible"":true,""recentMethod"":""zepto"",""recentMethodOther"":"""",""mission"":""urgent"",""missionOther"":"""",""firstNeed"":""prepared_food_cafe"",""firstNeedOther"":"""",""householdSize"":""one"",""items"":""two_three"",""spend"":""200_399"",""categories"":[""prepared_food_cafe"",""snacks_sweets_beverages""],""categoriesOther"":"""",""expansionPattern"":[""unplanned_browse"",""threshold_add""],""considered"":""yes"",""consideredCategory"":""beauty_personal_wellness"",""consideredCategoryOther"":"""",""stopReason"":""control_spend"",""stopReasonOther"":"""",""basketStopWhy"":"""",""basketStopWhyOther"":"""",""thresholdNoticed"":""yes"",""thresholdAction"":""added_useful"",""thresholdActionOther"":"""",""zeptoWhy"":""delivery_speed"",""zeptoWhyOther"":"""",""zeptoCheckoutMoment"":""Needed iced Americano from Zepto Cafe at 8:30 AM before my morning standup call."",""altWhy"":"""",""altWhyOther"":"""",""consideredZepto"":"""",""altZeptoGap"":"""",""receptivity"":""added_item"",""channelMix"":""different_quick_commerce"",""channelMixOther"":"""",""city"":""Bengaluru (Koramangala)"",""ageBracket"":""25_34"",""lifeStage"":""working_alone""}"
"BS2-bc008082d6a2de7e","23/09/2026 19:08:16","2026-09-23T13:38:14.010Z","2.5","en","TRUE","TRUE","blinkit","","planned_top_up","","fresh_produce","","two","four_six","700_999","[""fresh_produce"",""dairy_bread_eggs"",""staples_packaged_cooking""]","","[""planned_items""]","no","","","","","","","yes","no_change","","","","","availability","","yes","Blinkit had organic avocados and hydroponic salad greens in stock which Zepto missed.","looked_no_add","supermarket_bulk","","Bengaluru (Indiranagar)","25_34","working_partnered","{""responseId"":""BS2-bc008082d6a2de7e"",""clientTimestamp"":""2026-09-23T13:38:14.010Z"",""surveyVersion"":""2.5"",""language"":""en"",""consent"":true,""eligible"":true,""recentMethod"":""blinkit"",""recentMethodOther"":"""",""mission"":""planned_top_up"",""missionOther"":"""",""firstNeed"":""fresh_produce"",""firstNeedOther"":"""",""householdSize"":""two"",""items"":""four_six"",""spend"":""700_999"",""categories"":[""fresh_produce"",""dairy_bread_eggs"",""staples_packaged_cooking""],""categoriesOther"":"""",""expansionPattern"":[""planned_items""],""considered"":""no"",""consideredCategory"":"""",""consideredCategoryOther"":"""",""stopReason"":"""",""stopReasonOther"":"""",""basketStopWhy"":"""",""basketStopWhyOther"":"""",""thresholdNoticed"":""yes"",""thresholdAction"":""no_change"",""thresholdActionOther"":"""",""zeptoWhy"":"""",""zeptoWhyOther"":"""",""zeptoCheckoutMoment"":"""",""altWhy"":""availability"",""altWhyOther"":"""",""consideredZepto"":""yes"",""altZeptoGap"":""Blinkit had organic avocados and hydroponic salad greens in stock which Zepto missed."",""receptivity"":""looked_no_add"",""channelMix"":""supermarket_bulk"",""channelMixOther"":"""",""city"":""Bengaluru (Indiranagar)"",""ageBracket"":""25_34"",""lifeStage"":""working_partnered""}"
"BS2-44a6653ab71af7c3","23/09/2026 19:08:44","2026-09-23T13:38:42.279Z","2.5","en","TRUE","TRUE","zepto","","ran_out","","dairy_bread_eggs","","one","two_three","200_399","[""dairy_bread_eggs"",""prepared_food_cafe""]","","[""immediate_checkout""]","no","","","","","need_complete","","yes","added_useful","","delivery_speed","","Almond milk got finished while making evening tea; arrived in 7 minutes.","","","","","ignored","same_app","","Bengaluru (Bellandur)","25_34","working_alone","{""responseId"":""BS2-44a6653ab71af7c3"",""clientTimestamp"":""2026-09-23T13:38:42.279Z"",""surveyVersion"":""2.5"",""language"":""en"",""consent"":true,""eligible"":true,""recentMethod"":""zepto"",""recentMethodOther"":"""",""mission"":""ran_out"",""missionOther"":"""",""firstNeed"":""dairy_bread_eggs"",""firstNeedOther"":"""",""householdSize"":""one"",""items"":""two_three"",""spend"":""200_399"",""categories"":[""dairy_bread_eggs"",""prepared_food_cafe""],""categoriesOther"":"""",""expansionPattern"":[""immediate_checkout""],""considered"":""no"",""consideredCategory"":"""",""consideredCategoryOther"":"""",""stopReason"":"""",""stopReasonOther"":"""",""basketStopWhy"":""need_complete"",""basketStopWhyOther"":"""",""thresholdNoticed"":""yes"",""thresholdAction"":""added_useful"",""thresholdActionOther"":"""",""zeptoWhy"":""delivery_speed"",""zeptoWhyOther"":"""",""zeptoCheckoutMoment"":""Almond milk got finished while making evening tea; arrived in 7 minutes."",""altWhy"":"""",""altWhyOther"":"""",""consideredZepto"":"""",""altZeptoGap"":"""",""receptivity"":""ignored"",""channelMix"":""same_app"",""channelMixOther"":"""",""city"":""Bengaluru (Bellandur)"",""ageBracket"":""25_34"",""lifeStage"":""working_alone""}"
"BS2-3c35b991a4cba8c1","23/09/2026 19:08:51","2026-09-23T13:38:49.074Z","2.5","en","TRUE","TRUE","zepto","","discovery","","beauty_personal_wellness","","two","four_six","700_999","[""beauty_personal_wellness"",""snacks_sweets_beverages""]","","[""unplanned_browse"",""threshold_add""]","yes","electronics_mobile","","too_expensive","","","","yes","added_to_unlock","","price_offer","","Spotted 20% off on Korean skincare line during Zepto Super Saver Sale.","","","","","added_item","supermarket_bulk","","Bengaluru (Whitefield)","25_34","working_partnered","{""responseId"":""BS2-3c35b991a4cba8c1"",""clientTimestamp"":""2026-09-23T13:38:49.074Z"",""surveyVersion"":""2.5"",""language"":""en"",""consent"":true,""eligible"":true,""recentMethod"":""zepto"",""recentMethodOther"":"""",""mission"":""discovery"",""missionOther"":"""",""firstNeed"":""beauty_personal_wellness"",""firstNeedOther"":"""",""householdSize"":""two"",""items"":""four_six"",""spend"":""700_999"",""categories"":[""beauty_personal_wellness"",""snacks_sweets_beverages""],""categoriesOther"":"""",""expansionPattern"":[""unplanned_browse"",""threshold_add""],""considered"":""yes"",""consideredCategory"":""electronics_mobile"",""consideredCategoryOther"":"""",""stopReason"":""too_expensive"",""stopReasonOther"":"""",""basketStopWhy"":"""",""basketStopWhyOther"":"""",""thresholdNoticed"":""yes"",""thresholdAction"":""added_to_unlock"",""thresholdActionOther"":"""",""zeptoWhy"":""price_offer"",""zeptoWhyOther"":"""",""zeptoCheckoutMoment"":""Spotted 20% off on Korean skincare line during Zepto Super Saver Sale."",""altWhy"":"""",""altWhyOther"":"""",""consideredZepto"":"""",""altZeptoGap"":"""",""receptivity"":""added_item"",""channelMix"":""supermarket_bulk"",""channelMixOther"":"""",""city"":""Bengaluru (Whitefield)"",""ageBracket"":""25_34"",""lifeStage"":""working_partnered""}"
"BS2-7a6af0dca1a03e82","23/09/2026 19:09:14","2026-09-23T13:39:08.870Z","2.5","en","TRUE","TRUE","zepto","","urgent","","snacks_sweets_beverages","","one","one","below_200","[""snacks_sweets_beverages""]","","[""immediate_checkout""]","no","","","","","control_spend","","yes","paid_fee","","delivery_speed","","Needed one Red Bull at 1 AM for night shift release deployment.","","","","","ignored","different_quick_commerce","","Bengaluru (Marathahalli)","18_24","working_alone","{""responseId"":""BS2-7a6af0dca1a03e82"",""clientTimestamp"":""2026-09-23T13:39:08.870Z"",""surveyVersion"":""2.5"",""language"":""en"",""consent"":true,""eligible"":true,""recentMethod"":""zepto"",""recentMethodOther"":"""",""mission"":""urgent"",""missionOther"":"""",""firstNeed"":""snacks_sweets_beverages"",""firstNeedOther"":"""",""householdSize"":""one"",""items"":""one"",""spend"":""below_200"",""categories"":[""snacks_sweets_beverages""],""categoriesOther"":"""",""expansionPattern"":[""immediate_checkout""],""considered"":""no"",""consideredCategory"":"""",""consideredCategoryOther"":"""",""stopReason"":"""",""stopReasonOther"":"""",""basketStopWhy"":""control_spend"",""basketStopWhyOther"":"""",""thresholdNoticed"":""yes"",""thresholdAction"":""paid_fee"",""thresholdActionOther"":"""",""zeptoWhy"":""delivery_speed"",""zeptoWhyOther"":"""",""zeptoCheckoutMoment"":""Needed one Red Bull at 1 AM for night shift release deployment."",""altWhy"":"""",""altWhyOther"":"""",""consideredZepto"":"""",""altZeptoGap"":"""",""receptivity"":""ignored"",""channelMix"":""different_quick_commerce"",""channelMixOther"":"""",""city"":""Bengaluru (Marathahalli)"",""ageBracket"":""18_24"",""lifeStage"":""working_alone""}"
"BS2-502281993b11c36a","23/09/2026 19:09:34","2026-09-23T13:39:32.511Z","2.5","en","TRUE","TRUE","blinkit","","urgent","","electronics_mobile","","two","two_three","1000_plus","[""electronics_mobile"",""snacks_sweets_beverages""]","","[""planned_items""]","no","","","","","","","yes","no_change","","","","","availability","","yes","Blinkit had Type-C fast charging cable in stock within 10 minutes.","found_pushy","supermarket_bulk","","Bengaluru (Sarjapur Road)","25_34","working_partnered","{""responseId"":""BS2-502281993b11c36a"",""clientTimestamp"":""2026-09-23T13:39:32.511Z"",""surveyVersion"":""2.5"",""language"":""en"",""consent"":true,""eligible"":true,""recentMethod"":""blinkit"",""recentMethodOther"":"""",""mission"":""urgent"",""missionOther"":"""",""firstNeed"":""electronics_mobile"",""firstNeedOther"":"""",""householdSize"":""two"",""items"":""two_three"",""spend"":""1000_plus"",""categories"":[""electronics_mobile"",""snacks_sweets_beverages""],""categoriesOther"":"""",""expansionPattern"":[""planned_items""],""considered"":""no"",""consideredCategory"":"""",""consideredCategoryOther"":"""",""stopReason"":"""",""stopReasonOther"":"""",""basketStopWhy"":"""",""basketStopWhyOther"":"""",""thresholdNoticed"":""yes"",""thresholdAction"":""no_change"",""thresholdActionOther"":"""",""zeptoWhy"":"""",""zeptoWhyOther"":"""",""zeptoCheckoutMoment"":"""",""altWhy"":""availability"",""altWhyOther"":"""",""consideredZepto"":""yes"",""altZeptoGap"":""Blinkit had Type-C fast charging cable in stock within 10 minutes."",""receptivity"":""found_pushy"",""channelMix"":""supermarket_bulk"",""channelMixOther"":"""",""city"":""Bengaluru (Sarjapur Road)"",""ageBracket"":""25_34"",""lifeStage"":""working_partnered""}"
"BS2-802207a2da102cda","23/09/2026 19:09:40","2026-09-23T13:39:38.801Z","2.5","en","TRUE","TRUE","zepto","","offer_led","","snacks_sweets_beverages","","two","seven_ten","400_699","[""snacks_sweets_beverages"",""prepared_food_cafe""]","","[""threshold_add"",""unplanned_browse""]","yes","beauty_personal_wellness","","control_spend","","","","yes","added_to_unlock","","price_offer","","Added 2 cup-nodles to claim flat Rs 80 discount coupon.","","","","","added_item","different_quick_commerce","","Bengaluru (Electronic City)","18_24","student","{""responseId"":""BS2-802207a2da102cda"",""clientTimestamp"":""2026-09-23T13:39:38.801Z"",""surveyVersion"":""2.5"",""language"":""en"",""consent"":true,""eligible"":true,""recentMethod"":""zepto"",""recentMethodOther"":"""",""mission"":""offer_led"",""missionOther"":"""",""firstNeed"":""snacks_sweets_beverages"",""firstNeedOther"":"""",""householdSize"":""two"",""items"":""seven_ten"",""spend"":""400_699"",""categories"":[""snacks_sweets_beverages"",""prepared_food_cafe""],""categoriesOther"":"""",""expansionPattern"":[""threshold_add"",""unplanned_browse""],""considered"":""yes"",""consideredCategory"":""beauty_personal_wellness"",""consideredCategoryOther"":"""",""stopReason"":""control_spend"",""stopReasonOther"":"""",""basketStopWhy"":"""",""basketStopWhyOther"":"""",""thresholdNoticed"":""yes"",""thresholdAction"":""added_to_unlock"",""thresholdActionOther"":"""",""zeptoWhy"":""price_offer"",""zeptoWhyOther"":"""",""zeptoCheckoutMoment"":""Added 2 cup-nodles to claim flat Rs 80 discount coupon."",""altWhy"":"""",""altWhyOther"":"""",""consideredZepto"":"""",""altZeptoGap"":"""",""receptivity"":""added_item"",""channelMix"":""different_quick_commerce"",""channelMixOther"":"""",""city"":""Bengaluru (Electronic City)"",""ageBracket"":""18_24"",""lifeStage"":""student""}"
"BS2-f0bcb6f268ed5061","23/09/2026 19:10:14","2026-09-23T13:40:12.392Z","2.5","en","TRUE","TRUE","zepto","","ran_out","","household_home_kitchen","","one","two_three","200_399","[""household_home_kitchen"",""dairy_bread_eggs""]","","[""planned_items"",""threshold_add""]","yes","snacks_sweets_beverages","","control_spend","","","","yes","added_useful","","convenience","","Garbage bags ran out, added eggs to cross Rs 199 free delivery bar.","","","","","looked_no_add","same_app","","Bengaluru (Old Airport Road)","25_34","working_alone","{""responseId"":""BS2-f0bcb6f268ed5061"",""clientTimestamp"":""2026-09-23T13:40:12.392Z"",""surveyVersion"":""2.5"",""language"":""en"",""consent"":true,""eligible"":true,""recentMethod"":""zepto"",""recentMethodOther"":"""",""mission"":""ran_out"",""missionOther"":"""",""firstNeed"":""household_home_kitchen"",""firstNeedOther"":"""",""householdSize"":""one"",""items"":""two_three"",""spend"":""200_399"",""categories"":[""household_home_kitchen"",""dairy_bread_eggs""],""categoriesOther"":"""",""expansionPattern"":[""planned_items"",""threshold_add""],""considered"":""yes"",""consideredCategory"":""snacks_sweets_beverages"",""consideredCategoryOther"":"""",""stopReason"":""control_spend"",""stopReasonOther"":"""",""basketStopWhy"":"""",""basketStopWhyOther"":"""",""thresholdNoticed"":""yes"",""thresholdAction"":""added_useful"",""thresholdActionOther"":"""",""zeptoWhy"":""convenience"",""zeptoWhyOther"":"""",""zeptoCheckoutMoment"":""Garbage bags ran out, added eggs to cross Rs 199 free delivery bar."",""altWhy"":"""",""altWhyOther"":"""",""consideredZepto"":"""",""altZeptoGap"":"""",""receptivity"":""looked_no_add"",""channelMix"":""same_app"",""channelMixOther"":"""",""city"":""Bengaluru (Old Airport Road)"",""ageBracket"":""25_34"",""lifeStage"":""working_alone""}"
"BS2-423156cc28b79761","23/09/2026 19:10:21","2026-09-23T13:40:19.628Z","2.5","en","TRUE","TRUE","blinkit","","ran_out","","dairy_bread_eggs","","two","four_six","700_999","[""dairy_bread_eggs"",""staples_packaged_cooking"",""fresh_produce""]","","[""planned_items""]","no","","","","","","","yes","added_to_unlock","","","","","delivery_speed","","yes","Blinkit dark store is right outside our high-rise complex in Gurgaon.","looked_no_add","supermarket_bulk","","Delhi-NCR (Gurgaon Phase 5)","25_34","working_partnered","{""responseId"":""BS2-423156cc28b79761"",""clientTimestamp"":""2026-09-23T13:40:19.628Z"",""surveyVersion"":""2.5"",""language"":""en"",""consent"":true,""eligible"":true,""recentMethod"":""blinkit"",""recentMethodOther"":"""",""mission"":""ran_out"",""missionOther"":"""",""firstNeed"":""dairy_bread_eggs"",""firstNeedOther"":"""",""householdSize"":""two"",""items"":""four_six"",""spend"":""700_999"",""categories"":[""dairy_bread_eggs"",""staples_packaged_cooking"",""fresh_produce""],""categoriesOther"":"""",""expansionPattern"":[""planned_items""],""considered"":""no"",""consideredCategory"":"""",""consideredCategoryOther"":"""",""stopReason"":"""",""stopReasonOther"":"""",""basketStopWhy"":"""",""basketStopWhyOther"":"""",""thresholdNoticed"":""yes"",""thresholdAction"":""added_to_unlock"",""thresholdActionOther"":"""",""zeptoWhy"":"""",""zeptoWhyOther"":"""",""zeptoCheckoutMoment"":"""",""altWhy"":""delivery_speed"",""altWhyOther"":"""",""consideredZepto"":""yes"",""altZeptoGap"":""Blinkit dark store is right outside our high-rise complex in Gurgaon."",""receptivity"":""looked_no_add"",""channelMix"":""supermarket_bulk"",""channelMixOther"":"""",""city"":""Delhi-NCR (Gurgaon Phase 5)"",""ageBracket"":""25_34"",""lifeStage"":""working_partnered""}"
"BS2-6c288cfbd5eed8ab","23/09/2026 19:10:28","2026-09-23T13:40:26.200Z","2.5","en","TRUE","TRUE","zepto","","urgent","","prepared_food_cafe","","one","two_three","400_699","[""prepared_food_cafe"",""snacks_sweets_beverages""]","","[""unplanned_browse""]","yes","beauty_personal_wellness","","too_expensive","","","","yes","added_useful","","delivery_speed","","Ordered cold brew coffee and cheese croissant while working late.","","","","","added_item","different_quick_commerce","","Mumbai (Bandra West)","25_34","working_alone","{""responseId"":""BS2-6c288cfbd5eed8ab"",""clientTimestamp"":""2026-09-23T13:40:26.200Z"",""surveyVersion"":""2.5"",""language"":""en"",""consent"":true,""eligible"":true,""recentMethod"":""zepto"",""recentMethodOther"":"""",""mission"":""urgent"",""missionOther"":"""",""firstNeed"":""prepared_food_cafe"",""firstNeedOther"":"""",""householdSize"":""one"",""items"":""two_three"",""spend"":""400_699"",""categories"":[""prepared_food_cafe"",""snacks_sweets_beverages""],""categoriesOther"":"""",""expansionPattern"":[""unplanned_browse""],""considered"":""yes"",""consideredCategory"":""beauty_personal_wellness"",""consideredCategoryOther"":"""",""stopReason"":""too_expensive"",""stopReasonOther"":"""",""basketStopWhy"":"""",""basketStopWhyOther"":"""",""thresholdNoticed"":""yes"",""thresholdAction"":""added_useful"",""thresholdActionOther"":"""",""zeptoWhy"":""delivery_speed"",""zeptoWhyOther"":"""",""zeptoCheckoutMoment"":""Ordered cold brew coffee and cheese croissant while working late."",""altWhy"":"""",""altWhyOther"":"""",""consideredZepto"":"""",""altZeptoGap"":"""",""receptivity"":""added_item"",""channelMix"":""different_quick_commerce"",""channelMixOther"":"""",""city"":""Mumbai (Bandra West)"",""ageBracket"":""25_34"",""lifeStage"":""working_alone""}"
"BS2-fafed04338463d31","23/09/2026 19:10:58","2026-09-23T13:40:55.661Z","2.5","en","TRUE","TRUE","blinkit","","urgent","","fresh_produce","","two","four_six","400_699","[""fresh_produce"",""dairy_bread_eggs"",""meat_seafood_frozen""]","","[""planned_items""]","yes","snacks_sweets_beverages","","quality_concern","","","","yes","added_useful","","","","","availability","","yes","Blinkit had fresh Katla fish cut in stock in Salt Lake.","looked_no_add","local_bulk","","Kolkata (Salt Lake)","25_34","working_partnered","{""responseId"":""BS2-fafed04338463d31"",""clientTimestamp"":""2026-09-23T13:40:55.661Z"",""surveyVersion"":""2.5"",""language"":""en"",""consent"":true,""eligible"":true,""recentMethod"":""blinkit"",""recentMethodOther"":"""",""mission"":""urgent"",""missionOther"":"""",""firstNeed"":""fresh_produce"",""firstNeedOther"":"""",""householdSize"":""two"",""items"":""four_six"",""spend"":""400_699"",""categories"":[""fresh_produce"",""dairy_bread_eggs"",""meat_seafood_frozen""],""categoriesOther"":"""",""expansionPattern"":[""planned_items""],""considered"":""yes"",""consideredCategory"":""snacks_sweets_beverages"",""consideredCategoryOther"":"""",""stopReason"":""quality_concern"",""stopReasonOther"":"""",""basketStopWhy"":"""",""basketStopWhyOther"":"""",""thresholdNoticed"":""yes"",""thresholdAction"":""added_useful"",""thresholdActionOther"":"""",""zeptoWhy"":"""",""zeptoWhyOther"":"""",""zeptoCheckoutMoment"":"""",""altWhy"":""availability"",""altWhyOther"":"""",""consideredZepto"":""yes"",""altZeptoGap"":""Blinkit had fresh Katla fish cut in stock in Salt Lake."",""receptivity"":""looked_no_add"",""channelMix"":""local_bulk"",""channelMixOther"":"""",""city"":""Kolkata (Salt Lake)"",""ageBracket"":""25_34"",""lifeStage"":""working_partnered""}"
"BS2-0556ab8f86883ab0","23/09/2026 19:11:04","2026-09-23T13:41:02.455Z","2.5","en","TRUE","TRUE","zepto","","ran_out","","dairy_bread_eggs","","one","two_three","200_399","[""dairy_bread_eggs"",""snacks_sweets_beverages""]","","[""planned_items"",""threshold_add""]","yes","beauty_personal_wellness","","buy_later","","","","yes","added_useful","","delivery_speed","","Milk ran out before morning tea, delivered in 9 mins.","","","","","added_item","same_app","","Hyderabad (Gachibowli)","25_34","working_alone","{""responseId"":""BS2-0556ab8f86883ab0"",""clientTimestamp"":""2026-09-23T13:41:02.455Z"",""surveyVersion"":""2.5"",""language"":""en"",""consent"":true,""eligible"":true,""recentMethod"":""zepto"",""recentMethodOther"":"""",""mission"":""ran_out"",""missionOther"":"""",""firstNeed"":""dairy_bread_eggs"",""firstNeedOther"":"""",""householdSize"":""one"",""items"":""two_three"",""spend"":""200_399"",""categories"":[""dairy_bread_eggs"",""snacks_sweets_beverages""],""categoriesOther"":"""",""expansionPattern"":[""planned_items"",""threshold_add""],""considered"":""yes"",""consideredCategory"":""beauty_personal_wellness"",""consideredCategoryOther"":"""",""stopReason"":""buy_later"",""stopReasonOther"":"""",""basketStopWhy"":"""",""basketStopWhyOther"":"""",""thresholdNoticed"":""yes"",""thresholdAction"":""added_useful"",""thresholdActionOther"":"""",""zeptoWhy"":""delivery_speed"",""zeptoWhyOther"":"""",""zeptoCheckoutMoment"":""Milk ran out before morning tea, delivered in 9 mins."",""altWhy"":"""",""altWhyOther"":"""",""consideredZepto"":"""",""altZeptoGap"":"""",""receptivity"":""added_item"",""channelMix"":""same_app"",""channelMixOther"":"""",""city"":""Hyderabad (Gachibowli)"",""ageBracket"":""25_34"",""lifeStage"":""working_alone""}"
"BS2-b58a8ce3ffc152fc","23/09/2026 19:11:25","2026-09-23T13:41:21.538Z","2.5","en","TRUE","TRUE","zepto","","discovery","","prepared_food_cafe","","two","four_six","400_699","[""prepared_food_cafe"",""snacks_sweets_beverages""]","","[""unplanned_browse""]","yes","snacks_sweets_beverages","","control_spend","","","","yes","added_useful","","convenience","","Tried Zepto Cafe sourdough toast during afternoon WFH break.","","","","","added_item","supermarket_bulk","","Pune (Kothrud)","25_34","working_alone","{""responseId"":""BS2-b58a8ce3ffc152fc"",""clientTimestamp"":""2026-09-23T13:41:21.538Z"",""surveyVersion"":""2.5"",""language"":""en"",""consent"":true,""eligible"":true,""recentMethod"":""zepto"",""recentMethodOther"":"""",""mission"":""discovery"",""missionOther"":"""",""firstNeed"":""prepared_food_cafe"",""firstNeedOther"":"""",""householdSize"":""two"",""items"":""four_six"",""spend"":""400_699"",""categories"":[""prepared_food_cafe"",""snacks_sweets_beverages""],""categoriesOther"":"""",""expansionPattern"":[""unplanned_browse""],""considered"":""yes"",""consideredCategory"":""snacks_sweets_beverages"",""consideredCategoryOther"":"""",""stopReason"":""control_spend"",""stopReasonOther"":"""",""basketStopWhy"":"""",""basketStopWhyOther"":"""",""thresholdNoticed"":""yes"",""thresholdAction"":""added_useful"",""thresholdActionOther"":"""",""zeptoWhy"":""convenience"",""zeptoWhyOther"":"""",""zeptoCheckoutMoment"":""Tried Zepto Cafe sourdough toast during afternoon WFH break."",""altWhy"":"""",""altWhyOther"":"""",""consideredZepto"":"""",""altZeptoGap"":"""",""receptivity"":""added_item"",""channelMix"":""supermarket_bulk"",""channelMixOther"":"""",""city"":""Pune (Kothrud)"",""ageBracket"":""25_34"",""lifeStage"":""working_alone""}"
"BS2-65dc67b713657d95","23/09/2026 19:11:31","2026-09-23T13:41:29.334Z","2.5","en","TRUE","TRUE","blinkit","","urgent","","household_home_kitchen","","three_four","four_six","700_999","[""household_home_kitchen"",""dairy_bread_eggs""]","","[""planned_items"",""threshold_add""]","no","","","","","","","yes","added_to_unlock","","","","","delivery_speed","","yes","Blinkit delivered mosquito refill and milk in 8 mins.","looked_no_add","supermarket_bulk","","Delhi-NCR (Noida Sec 62)","35_44","family_with_children","{""responseId"":""BS2-65dc67b713657d95"",""clientTimestamp"":""2026-09-23T13:41:29.334Z"",""surveyVersion"":""2.5"",""language"":""en"",""consent"":true,""eligible"":true,""recentMethod"":""blinkit"",""recentMethodOther"":"""",""mission"":""urgent"",""missionOther"":"""",""firstNeed"":""household_home_kitchen"",""firstNeedOther"":"""",""householdSize"":""three_four"",""items"":""four_six"",""spend"":""700_999"",""categories"":[""household_home_kitchen"",""dairy_bread_eggs""],""categoriesOther"":"""",""expansionPattern"":[""planned_items"",""threshold_add""],""considered"":""no"",""consideredCategory"":"""",""consideredCategoryOther"":"""",""stopReason"":"""",""stopReasonOther"":"""",""basketStopWhy"":"""",""basketStopWhyOther"":"""",""thresholdNoticed"":""yes"",""thresholdAction"":""added_to_unlock"",""thresholdActionOther"":"""",""zeptoWhy"":"""",""zeptoWhyOther"":"""",""zeptoCheckoutMoment"":"""",""altWhy"":""delivery_speed"",""altWhyOther"":"""",""consideredZepto"":""yes"",""altZeptoGap"":""Blinkit delivered mosquito refill and milk in 8 mins."",""receptivity"":""looked_no_add"",""channelMix"":""supermarket_bulk"",""channelMixOther"":"""",""city"":""Delhi-NCR (Noida Sec 62)"",""ageBracket"":""35_44"",""lifeStage"":""family_with_children""}"
"BS2-d7e50a4cf58cf65d","23/09/2026 19:11:37","2026-09-23T13:41:35.495Z","2.5","en","TRUE","TRUE","local_store","","planned_top_up","","fresh_produce","","four_six","seven_ten","400_699","[""fresh_produce"",""dairy_bread_eggs""]","","[""planned_items""]","no","","","","","","","no","","","","","","habit","","no","Prefer our trusted local kirana uncle who gives monthly credit ledger.","ignored","local_bulk","","Ahmedabad (Bodakdev)","45_54","family_with_children","{""responseId"":""BS2-d7e50a4cf58cf65d"",""clientTimestamp"":""2026-09-23T13:41:35.495Z"",""surveyVersion"":""2.5"",""language"":""en"",""consent"":true,""eligible"":true,""recentMethod"":""local_store"",""recentMethodOther"":"""",""mission"":""planned_top_up"",""missionOther"":"""",""firstNeed"":""fresh_produce"",""firstNeedOther"":"""",""householdSize"":""four_six"",""items"":""seven_ten"",""spend"":""400_699"",""categories"":[""fresh_produce"",""dairy_bread_eggs""],""categoriesOther"":"""",""expansionPattern"":[""planned_items""],""considered"":""no"",""consideredCategory"":"""",""consideredCategoryOther"":"""",""stopReason"":"""",""stopReasonOther"":"""",""basketStopWhy"":"""",""basketStopWhyOther"":"""",""thresholdNoticed"":""no"",""thresholdAction"":"""",""thresholdActionOther"":"""",""zeptoWhy"":"""",""zeptoWhyOther"":"""",""zeptoCheckoutMoment"":"""",""altWhy"":""habit"",""altWhyOther"":"""",""consideredZepto"":""no"",""altZeptoGap"":""Prefer our trusted local kirana uncle who gives monthly credit ledger."",""receptivity"":""ignored"",""channelMix"":""local_bulk"",""channelMixOther"":"""",""city"":""Ahmedabad (Bodakdev)"",""ageBracket"":""45_54"",""lifeStage"":""family_with_children""}"
"BS2-b0a4ca85839c8571","23/09/2026 19:11:43","2026-09-23T13:41:41.248Z","2.5","en","TRUE","TRUE","zepto","","offer_led","","beauty_personal_wellness","","one","four_six","700_999","[""beauty_personal_wellness"",""snacks_sweets_beverages""]","","[""threshold_add""]","yes","fashion_toys_lifestyle","","control_spend","","","","yes","added_to_unlock","","price_offer","","Ordered sheet masks and chips during flash discount offer.","","","","","added_item","different_quick_commerce","","Lucknow (Gomti Nagar)","18_24","working_alone","{""responseId"":""BS2-b0a4ca85839c8571"",""clientTimestamp"":""2026-09-23T13:41:41.248Z"",""surveyVersion"":""2.5"",""language"":""en"",""consent"":true,""eligible"":true,""recentMethod"":""zepto"",""recentMethodOther"":"""",""mission"":""offer_led"",""missionOther"":"""",""firstNeed"":""beauty_personal_wellness"",""firstNeedOther"":"""",""householdSize"":""one"",""items"":""four_six"",""spend"":""700_999"",""categories"":[""beauty_personal_wellness"",""snacks_sweets_beverages""],""categoriesOther"":"""",""expansionPattern"":[""threshold_add""],""considered"":""yes"",""consideredCategory"":""fashion_toys_lifestyle"",""consideredCategoryOther"":"""",""stopReason"":""control_spend"",""stopReasonOther"":"""",""basketStopWhy"":"""",""basketStopWhyOther"":"""",""thresholdNoticed"":""yes"",""thresholdAction"":""added_to_unlock"",""thresholdActionOther"":"""",""zeptoWhy"":""price_offer"",""zeptoWhyOther"":"""",""zeptoCheckoutMoment"":""Ordered sheet masks and chips during flash discount offer."",""altWhy"":"""",""altWhyOther"":"""",""consideredZepto"":"""",""altZeptoGap"":"""",""receptivity"":""added_item"",""channelMix"":""different_quick_commerce"",""channelMixOther"":"""",""city"":""Lucknow (Gomti Nagar)"",""ageBracket"":""18_24"",""lifeStage"":""working_alone""}"
"BS2-f1689dbb98eaa96e","23/09/2026 19:11:49","2026-09-23T13:41:47.669Z","2.5","en","TRUE","TRUE","zepto","","ran_out","","dairy_bread_eggs","","two","four_six","400_699","[""dairy_bread_eggs"",""snacks_sweets_beverages"",""staples_packaged_cooking""]","","[""planned_items"",""threshold_add""]","yes","meat_seafood_frozen","","buy_elsewhere","","","","yes","added_useful","","delivery_speed","","Added biscuits to qualify for free delivery threshold.","","","","","added_item","supermarket_bulk","","Kolkata (New Town)","35_44","working_partnered","{""responseId"":""BS2-f1689dbb98eaa96e"",""clientTimestamp"":""2026-09-23T13:41:47.669Z"",""surveyVersion"":""2.5"",""language"":""en"",""consent"":true,""eligible"":true,""recentMethod"":""zepto"",""recentMethodOther"":"""",""mission"":""ran_out"",""missionOther"":"""",""firstNeed"":""dairy_bread_eggs"",""firstNeedOther"":"""",""householdSize"":""two"",""items"":""four_six"",""spend"":""400_699"",""categories"":[""dairy_bread_eggs"",""snacks_sweets_beverages"",""staples_packaged_cooking""],""categoriesOther"":"""",""expansionPattern"":[""planned_items"",""threshold_add""],""considered"":""yes"",""consideredCategory"":""meat_seafood_frozen"",""consideredCategoryOther"":"""",""stopReason"":""buy_elsewhere"",""stopReasonOther"":"""",""basketStopWhy"":"""",""basketStopWhyOther"":"""",""thresholdNoticed"":""yes"",""thresholdAction"":""added_useful"",""thresholdActionOther"":"""",""zeptoWhy"":""delivery_speed"",""zeptoWhyOther"":"""",""zeptoCheckoutMoment"":""Added biscuits to qualify for free delivery threshold."",""altWhy"":"""",""altWhyOther"":"""",""consideredZepto"":"""",""altZeptoGap"":"""",""receptivity"":""added_item"",""channelMix"":""supermarket_bulk"",""channelMixOther"":"""",""city"":""Kolkata (New Town)"",""ageBracket"":""35_44"",""lifeStage"":""working_partnered""}"
"BS2-a14ab9b352ad386c","23/09/2026 19:11:55","2026-09-23T13:41:53.223Z","2.5","en","TRUE","TRUE","instamart","","urgent","","snacks_sweets_beverages","","one","two_three","200_399","[""snacks_sweets_beverages"",""dairy_bread_eggs""]","","[""planned_items""]","no","","","","","","","yes","paid_fee","","","","","convenience","","yes","Instamart has wider coverage in Kochi suburbs than Zepto.","ignored","supermarket_bulk","","Kochi","25_34","working_alone","{""responseId"":""BS2-a14ab9b352ad386c"",""clientTimestamp"":""2026-09-23T13:41:53.223Z"",""surveyVersion"":""2.5"",""language"":""en"",""consent"":true,""eligible"":true,""recentMethod"":""instamart"",""recentMethodOther"":"""",""mission"":""urgent"",""missionOther"":"""",""firstNeed"":""snacks_sweets_beverages"",""firstNeedOther"":"""",""householdSize"":""one"",""items"":""two_three"",""spend"":""200_399"",""categories"":[""snacks_sweets_beverages"",""dairy_bread_eggs""],""categoriesOther"":"""",""expansionPattern"":[""planned_items""],""considered"":""no"",""consideredCategory"":"""",""consideredCategoryOther"":"""",""stopReason"":"""",""stopReasonOther"":"""",""basketStopWhy"":"""",""basketStopWhyOther"":"""",""thresholdNoticed"":""yes"",""thresholdAction"":""paid_fee"",""thresholdActionOther"":"""",""zeptoWhy"":"""",""zeptoWhyOther"":"""",""zeptoCheckoutMoment"":"""",""altWhy"":""convenience"",""altWhyOther"":"""",""consideredZepto"":""yes"",""altZeptoGap"":""Instamart has wider coverage in Kochi suburbs than Zepto."",""receptivity"":""ignored"",""channelMix"":""supermarket_bulk"",""channelMixOther"":"""",""city"":""Kochi"",""ageBracket"":""25_34"",""lifeStage"":""working_alone""}"
"BS2-89a8db8e142d723f60af1f77","23/09/2026 19:24:44","2026-09-23T13:54:40.515Z","2.5","en","TRUE","TRUE","instamart","","urgent","","fresh_produce","","one","four_six","200_399","[""fresh_produce"",""household_home_kitchen""]","","[""unplanned_browse"",""planned_items""]","not_sure","","","","","","","yes","added_useful","","","","","familiar_app","","no","App interface, quicker delivery, offers","not_sure","local_bulk","","Hyderabad","25_34","family_with_children","{""responseId"":""BS2-89a8db8e142d723f60af1f77"",""clientTimestamp"":""2026-09-23T13:54:40.515Z"",""surveyVersion"":""2.5"",""language"":""en"",""consent"":true,""eligible"":true,""recentMethod"":""instamart"",""recentMethodOther"":"""",""mission"":""urgent"",""missionOther"":"""",""firstNeed"":""fresh_produce"",""firstNeedOther"":"""",""householdSize"":""one"",""items"":""four_six"",""spend"":""200_399"",""categories"":[""fresh_produce"",""household_home_kitchen""],""categoriesOther"":"""",""expansionPattern"":[""unplanned_browse"",""planned_items""],""considered"":""not_sure"",""consideredCategory"":"""",""consideredCategoryOther"":"""",""stopReason"":"""",""stopReasonOther"":"""",""basketStopWhy"":"""",""basketStopWhyOther"":"""",""thresholdNoticed"":""yes"",""thresholdAction"":""added_useful"",""thresholdActionOther"":"""",""zeptoWhy"":"""",""zeptoWhyOther"":"""",""zeptoCheckoutMoment"":"""",""altWhy"":""familiar_app"",""altWhyOther"":"""",""consideredZepto"":""no"",""altZeptoGap"":""App interface, quicker delivery, offers"",""receptivity"":""not_sure"",""channelMix"":""local_bulk"",""channelMixOther"":"""",""city"":""Hyderabad"",""ageBracket"":""25_34"",""lifeStage"":""family_with_children""}"